Feature 1,Feature 2,Feature 3,Target
-1.3901485287357813,-0.8647684147699715,-0.5030479394935627,-113.36812726812059
0.4764972149709162,0.9294838448460314,-0.0668443363141117,64.17473833345717
-0.14544130625656043,-0.13342128343426862,-1.1560803605816008,-72.83608094363318
-0.3048939596101569,0.4426748136684771,0.4609481098437535,42.972898058488084
2.51358833563036,0.8719042958413924,-0.15416610112658707,91.23732214872878
-0.4516523961239524,0.17661445332640138,-2.5347824170346875,-122.53148802946227
0.8629241037509177,0.002075815162614661,-1.2415972850398007,-60.131856739929574
0.3284400299413679,0.576133833577111,1.0122209055640776,116.16540392299126
-0.25334840194685476,0.12673289085531095,-1.4920643712350072,-56.628865495886075
0.38100399393681406,1.080761826180393,-1.2287339955523375,36.955941968891835
-1.6326810906168185,-1.4811653018270776,0.2883076888116655,-122.56627820857966
0.2661739813287279,-1.2505259582819068,0.8564218136521826,-63.566942789410014
0.712861343607783,0.7082818342620488,-1.0429545592594907,27.156149688074485
2.1636530626173602,1.2359211395383018,1.218005315523331,197.768589936973
1.1972505739144697,-0.23206856331985823,-1.5115848743669733,-57.878024698335246
-2.024194172440272,-0.1831697519053833,-0.9554591015438656,-83.53566147741942
-0.4921674045197435,-0.5885482073289402,0.6176519563404216,-9.181854189495871
1.3203713948449614,-0.8303874576677122,0.643704635448239,-33.11609166094111
0.6823667073971533,-0.5416548218038202,2.114996197814818,77.35646500611044
-0.9662626778131311,-0.08188271373817885,-0.01961934327870622,-18.476927334622232
0.969758119454112,-0.4228320936522473,-1.702026074130472,-103.0816931272221
-0.7826794711161029,-0.2682252207473144,-0.7710178870497782,-68.11085159657091
-1.5769468723980424,1.1966298338454686,0.4803555773200343,93.60338131485237
-0.12855146972846565,0.40372542960905866,0.876405468201085,74.27888389906843
0.8424348436896957,-1.4383338144497748,0.43472736212267793,-95.62306999583222
2.2423745058837667,-2.4804658181083816,-0.3688517067627759,-183.57243556018207
-0.08749402507181471,-1.2644799553050705,1.0061517674982858,-51.944963460858496
0.44799004638012063,-0.6859401524483313,-0.711303792992751,-73.82314849061552
-1.4504449467103955,-0.29803774327625177,-0.32280635299751786,-59.86089090062482
1.1665823865992835,0.7354671751944397,-1.051768690708377,28.69386817633809
0.5602282736865701,0.43693063761532,-0.3225717217584525,22.030565666225787
-1.4672117019447575,1.8788790880090596,-0.9288229251336019,95.56408906189424
0.3325243441004418,-0.2692591367598343,-0.1494717394669626,-46.05608891727373
-1.161004214627513,0.11852594623213154,-0.9315544764827872,-57.92669721507042
-1.5281269345444626,-0.30320319175980603,-1.7236109886586795,-139.1503203654519
-0.43469731437721865,1.2128486616977414,1.3068110571795821,129.45909864482206
2.3869183467241983,0.8096526282624992,0.195505960818821,88.72186887703934
1.1533516623300408,0.08171016091984737,-0.20902079219906491,9.095342321340322
-1.2316007851339104,-0.31065048858672656,1.9675083780623568,56.18454421625283
0.4612985565782605,0.9791321135782103,0.5203019048553081,90.85595783518717
-1.7649769754485278,-1.098207186037917,0.07042643426209706,-112.93376310299871
-0.9128640712693574,0.10499250035880585,-0.7951552664403331,-41.78130632722228
2.60414039800351,1.3048623959060928,1.9364014524518425,235.0429115665873
-0.7083427140412067,0.43628810527991635,2.478145697061476,137.93486827799958
1.546385419809009,-1.0041163443524859,0.4566380690307025,-33.010509247194285
0.9048415908561497,0.6421296222852745,0.9634943811696591,93.25867555742991
0.6703137531196055,-1.1814297849251787,2.3672172109016434,23.366267086952504
-0.6046769074957339,0.5475208590288086,-0.4998717982093803,15.798744032583265
-0.08392921402369867,-1.0716430274854172,-0.9689272418300682,-126.90449453699136
1.1558293407914095,-1.1215278239157205,1.207101870137616,-18.48176403084701
-0.7825579468955896,1.59760873446873,-0.8460737940272332,55.06507364498298
0.9445742391215394,-1.3732358185615408,-0.9373710330123659,-137.77834769275782
0.03008899526168894,1.9118933777345337,-1.6696892914682027,87.15664182658743
0.6595574612369545,-0.47881897892790604,-0.8947089920298196,-72.82811865293812
-0.6870486655260991,-0.5319961431551863,0.42724947476875835,-20.411610623110235
0.331234547288094,-0.6384248206407944,-0.3606866125844015,-61.49960656705706
0.2896914385668409,-1.7353786963801112,0.2959102110130389,-96.64389190640352
1.4605804040269559,-0.005013679118445863,-1.8696316832453084,-67.88704307939267
-0.18645022634485559,0.4975548892786778,-1.047972066495584,-11.81784318859665
1.3940343817813579,0.5648720378881926,-0.019769041195721624,53.43454239799555
0.47301722959394976,-0.28844657986117306,-0.6469517439754647,-40.622991853160116
1.2908534331517216,-0.3820963497847312,1.1061279552521375,48.11606225032502
0.013461996224691452,0.016760258997998285,-0.5697395710753946,-24.737128730775368
-0.6014338185562423,-1.3781802612074816,1.2875552402159625,-70.46089867904854
-1.176391187295646,1.4729685364737364,0.05870324819560748,85.7267094228582
-0.601594859251485,0.2543659726594409,0.3365211959076527,21.095235177059443
1.6073102280722595,-1.5130274097090612,-0.12930784169101064,-111.26665311086823
1.8726864017880138,1.5006263933158401,1.2280741751145,198.06689266781777
-2.1027363353317194,0.85851917106816,0.20468071313179906,54.29114955835628
1.6924258717207223,1.2696762332533693,-0.2915009217367206,120.43844213470962
-0.030157421189336214,0.06426187188159395,-0.7839537131657965,-20.29665915252268
0.45898684944217294,0.17765805746663177,-1.1343164208351857,-33.83875860138486
-0.4114021722734989,0.005068738741741176,0.5873755330803654,17.69494572268014
1.5213012461370796,-0.04501444986562283,1.0753079361189408,74.14382746541717
0.6079216017308394,-0.5474734114212295,0.4983885875885357,-11.806762907803469
1.6798527575235784,-0.6819148669523352,1.2756355917062654,37.3986889502939
-0.6012427550397151,0.12266312379536684,1.8196494115410362,82.89797156253938
-1.913680884470452,0.6731742863636944,-0.2062636343981979,8.58767136059704
0.6877526911322706,0.5056578636224509,1.1996431238177672,98.92594447281343
-1.217383755279218,0.9838203894670832,1.941639861054819,143.04213873150695
-0.25509519935447145,-1.6042672573715817,-0.17078709961113944,-119.73233264728043
0.4605526068431065,0.001899843190431666,-0.4702625969695797,-11.165569238077977
0.1795532806873174,-0.45303618521545796,0.06774596122602963,-31.016862052232366
1.021862538523063,-1.3532715248365337,-0.1583987543322776,-80.20669549836572
-0.45767071319591857,0.8217645536793409,0.6550763400816786,91.13487865899572
-0.1190726657706574,1.111180022139034,-0.48705186638760617,53.15417642324862
0.2764956748770303,0.23434786633093213,0.4569339960584845,47.72854225655136
-0.3875525114875488,-0.8583712571447685,-0.5734985257615499,-110.46976018771517
-0.2852246175420467,-1.3247856650203098,-1.0997909253459355,-155.44703820086926
-0.035198903914539184,0.300730053633889,0.7844668794192838,68.63553989570435
0.5834375306407762,0.3177572830478569,-0.03981328770509296,18.983318695678783
1.1318314600362986,-0.44843995564125233,1.5177915519969418,47.3936699574051
0.5848218284009947,1.0065126712437935,-0.7082273827479829,53.404627838662414
0.5064530170446016,-1.197877760970294,0.4552194973955042,-71.6505020173152
0.11848634248014886,0.6435687947142196,0.7972626026544024,92.68997575855649
1.794423708885929,-2.0389037778044794,0.8747633226263052,-99.22205392891152
0.8945216121656883,-0.08598183505169228,-2.1499482789721887,-109.70368366322323
0.9082465986587409,0.5698555557095432,1.4713675991551964,128.69678088591954
-2.2128439833687996,1.4046063687276147,-0.4803717263188407,54.752341622140925
0.0957384672947969,-0.5794468025336672,0.9621745294199178,-15.62913101506085
-0.4816231531641189,0.41990242786228626,0.38004266849895474,53.40838314862404
0.806627072750411,1.3553898094372812,0.9196304889655096,156.64659135693424
-0.5411283295261669,0.29967416728411256,-0.5507794141303822,-12.455562486496326
-0.17056983473544426,-0.6049327532852662,-0.7616541971974103,-78.81368774956239
1.290513872507134,0.14519184012638695,-0.4192261729473878,-11.52752559976465
1.183834229536008,0.3550460442886883,-0.8266952119669686,14.079033166870227
-1.3643460126752756,1.0412017712059554,0.37599493995982425,70.3442756633198
-0.08080935685898095,-0.07220752630047055,-1.4444302025337574,-73.05598059416174
0.5533534142781779,1.851591357079145,0.48375584649737274,176.02213694228138
0.7925464109216,1.8199430721723457,-0.7187290033428798,120.35198202498229
0.13630943840295445,-0.8905083087660508,0.6467669562691485,-35.34202395382457
-1.0484130862076124,0.27250917511987094,0.23824835472049488,41.79056196883466
-1.0790107842118797,-1.0293119699891156,0.46779153218219927,-66.2732117225329
-1.2649834024136415,0.10207296377325155,0.9059222403130459,48.11570572434523
0.8269135654262749,-1.4095418367650225,0.3742844162073619,-66.35858933021791
0.5045468780696011,-0.9671850401023543,0.15399460950125177,-42.53692200581901
0.5570524459626444,-0.3747706790720355,0.47094436039896215,-3.1852767565746953
-0.13729953841604345,-0.5201375661889942,1.0205502583955919,1.098818252113007
1.7051970400823355,0.02913817402624986,-0.8107474770546604,-23.60806472351444
-0.5926741610095484,-1.0857014899263788,-0.5372514629100401,-123.2266479587849
-0.6630358841797502,-1.997014960916386,-0.013785014758394918,-170.2770547938885
1.2506448061464612,-0.7059300024952176,-0.26519415935851304,-63.33149211894674
0.012117285177771355,-1.5503559653726349,0.27053924328609824,-103.78199203171185
-0.21299253717610514,-0.4039243003784278,-0.3312695786425101,-51.22681043840329
-2.3250602936758975,0.4156450885031142,-0.27053994789042934,-2.885623184712397
-0.597182078252773,-0.435254315919332,1.077728896455567,5.007070724330099
-0.28210526725548507,1.4925574338758125,-0.2712304157375622,99.74935093959344
-0.2219186421744933,-0.4687538698854316,-1.5935703647866288,-127.91644556366806
0.5361938819503625,-0.0637317819243184,-0.33527596155195416,-27.048067698216517
0.8692098773519343,-0.9519724516728479,0.11691347992284461,-59.77188681928793
1.1082907737661718,-0.5857453739598799,-0.7656301109679337,-73.2851059110246
-1.7073783987377555,-1.341026891164619,-0.5800775248920756,-152.98870795098742
0.33734445806748403,0.011548807731188519,0.24372587087972522,14.646983575566372
0.14088799736185761,0.6312284065987825,-0.15974547481663226,47.97496727161118
0.08084295608082952,-0.7956905282323126,1.661791311696791,7.906132419737418
1.9458066314553706,-0.23013309667876924,0.20991068356420772,6.536673999255115
1.2800614229391434,1.1736658586624593,1.2257745327858904,175.6328163588588
0.43243049840534326,-0.9318275044765953,0.5765206072663506,-36.61267170934205
0.2129742623170931,-0.12455902669958882,0.06880910619469466,-2.5339878105592404
0.24855187985966737,0.938623964657921,-1.5490090714449596,10.065545578493222
-0.17005822922943842,1.3374991233505273,-0.8157007640118549,53.8061755882972
0.29902385377708285,-0.5352299787504862,-0.5131676487374073,-54.73040103753348
-0.7391712981208223,0.16848739104652968,-1.46821813227851,-31.269559462435474
-0.27189172849353954,-0.43677920412438354,1.4294923388900045,41.00274298010889
0.04096666170905856,-2.7307485942385386,1.03402345305999,-179.00116357352726
1.0066332917511647,-0.8336918225470965,-0.24071541444824496,-57.871089664286266
0.464244425479824,0.3055321768108755,-0.48723532306869677,-8.27687289555185
1.7930534202930806,1.39413396029567,-1.2588360729869021,70.93959814412563
-0.7811062754561797,-0.66514174386935,-0.23108024474601746,-69.86164162832915
-0.25630153304207387,1.1405888687848176,-0.7874876399656339,51.94836666800735
-1.1254716215517675,-0.4691734908169974,0.10077360849342522,-40.417960859462404
1.8109656124556288,0.866931499438804,-0.7279238637409751,50.745285653142524
1.7356459231246961,0.19735845179144718,-0.24067686356011445,13.057197003244204
0.8830187690971846,-0.9808888933074612,0.8972026583064053,-33.11060134286627
-1.4531876639872758,0.8414719997753567,-1.4378397006420764,-33.468711612196216
-0.138485916328416,-0.20717202844673718,0.7273886468235242,17.518355656035205
1.9267476150973635,0.1628888457692233,0.793416719856406,52.34597562390333
2.066526545038916,-1.1957837591223481,-0.924813742264391,-125.7922704453963
0.20025137086576705,0.673743264534828,-0.20135077347044722,29.42062838212656
-1.4771502471217761,1.6947233408080171,0.26820307417666805,106.61704255173477
1.2987518726416802,-1.4182297147865095,2.215533109559937,1.012276826013018
0.042772873407947706,1.0518921829462762,1.339768836076508,158.8814150394976
-0.8085627715298124,1.2725528644364754,-0.6297612473070806,58.63569706154513
-0.9226853818199553,-0.9019620483527014,0.6387517965066232,-43.28092361171424
-0.4137506132555601,2.275738962965293,-0.6311467133009278,150.686577625145
-1.0372934432086562,0.4737425118477661,0.9815759543465016,60.27291810648456
1.1005464674521934,0.08128684910894254,1.7059282463169725,95.07919327299446
0.14812144459854015,-0.6205145092475031,-1.7906702913489765,-139.2388515748802
0.8546885903217369,0.803367249777177,0.8429874670291163,100.74599203232857
1.1304273258039241,-1.0050984957293458,0.8878220093683267,-25.55861693321383
1.1711238460530142,0.4522486485629945,-1.1278824604425026,22.252564001610068
-0.7363532748203868,0.3206962863386286,-0.16004672899605205,8.5434155727691
-0.44867569219442555,0.024227737233288103,0.8218244287824363,15.162331593331395
-0.5304140818149133,1.1394400242439984,-1.3962712513944138,17.103890679509732
-0.6988441015274719,-2.387636429480064,-0.9956455111739881,-242.7928286871637
-0.4494505989012056,-0.9000891572438132,0.8710066413282684,-50.05936585018927
0.7823270233745065,1.8088887924101524,0.5688669724698561,170.03927944496033
-0.1569394658423723,-0.5846818614131335,-0.3518225916608975,-67.50430889576076
-0.07886598701894751,-0.9691824818999962,-1.4565881348164176,-140.5054666730398
0.8572186151384689,-0.37969962981704564,-0.036282838480220826,-24.877901502486377
1.0106255142309695,-1.2305329951648414,-0.34525714274503105,-103.92006835732276
-0.5174907550340597,0.213835407488437,2.4601875556613653,124.81927791248594
0.3227251679379953,-0.00705488260660128,1.3576333169063186,75.37122794156137
-0.06475136701612805,0.10707056595062521,0.7596521386191316,28.850260238983722
-2.067721976940028,0.07273033048702887,2.155595783925436,63.52614204128932
0.387347069828891,0.7949923820710226,-0.15990826150353055,65.70283614165176
0.8037371741846113,-0.2593041560959633,-0.19988113383627776,-39.83972893921148
1.5753817612342909,1.272637125445279,1.4323665071941027,188.61491585998903
-1.3153860024812571,-0.11300325984615038,-0.893657402576996,-66.02136069412215
0.9655003157269554,0.42011678220924403,0.22492440620802917,60.10327002327054
0.6315661062109551,-1.6264467515216952,-0.7669495431230081,-144.34611947387177
0.7353509848722694,-0.26818508563674914,1.7071778931843824,51.52473819949488
0.3544733673189559,-0.5969229102090807,-1.5669708654893526,-99.24653533451551
-1.5493176458326845,-1.946127971650774,-0.5486948301717058,-183.09516084340427
0.43058808131038007,1.0156133216957126,0.933795609893214,131.7872340798876
-1.1958937952397666,1.0418737476890572,-1.8497708752112996,-31.15387441925065
-0.8461838901833373,1.4144919481662928,-0.05232058128297776,98.0526037387518
1.223903052518951,1.5728244300802126,-0.5696363040769131,123.48559279404917
0.3799130991910354,1.2708406368488019,-0.19125179312864532,102.73106650010688
-0.21878332103479176,-2.3356330336419044,-0.5221943331241086,-207.79652501997433
0.4577116896055133,0.8080944403365281,0.4082734112979917,90.4756357215703
1.5776786683106374,1.5543102497928103,-0.0837093313122663,126.28905168406379
-0.456763556095694,0.21742868745237176,-1.4562568150385071,-48.84941711256172
-0.5111183626217005,0.08472129584895904,0.07111327172899555,-2.9791424004560576
-1.2094423247250627,0.15051282337780156,0.7525022908909593,7.564199514598947
0.2398069685206486,1.6542143575930846,-1.347948531707998,60.38343981827947
0.3300118179785107,-0.5981257926831973,-0.8454199401793389,-66.51249959239638
0.15068162719921885,-0.6676416782668827,-0.715186984483897,-78.93648049435431
-0.8684303235219123,0.13220549934587358,0.8839898884359704,52.45211145722004
0.7411565373284064,0.300316207040287,0.5210658995014623,67.33739978451807
-0.7595253137451157,-0.6708286761650817,0.42554811248793223,-48.868872994831534
1.226576677056239,-2.3037865095162924,0.6191486546020987,-118.6755844060806
0.5859782054959081,-1.7357887596444102,-0.7336807106107468,-159.33219776995352
-0.2617734986656973,-0.5814518974000837,-1.401962413913122,-126.15004973341803
1.4414792899742859,-1.690579202495095,0.47814559432528253,-93.31963306614207
-1.1556796657936643,-1.85598528299202,-1.1667921592492896,-221.03761383670405
1.8745940904622518,1.2443640772136986,-1.6527052513784384,39.85771245012774
2.050340630788304,-1.6215868912915796,0.23424175033250222,-90.5040445243675
-0.7755235256456843,1.5236691251790246,0.6750206132759421,150.4634903850481
-0.2924776427225804,0.4133563791454684,-0.21174050265837616,39.69465478885007
-0.7991727946493432,-1.9567211462226732,0.4733373855808268,-146.4605434472493
-1.672332050992714,0.3671872583548352,-1.3819408471089483,-42.626554816109206
0.8764304507380039,0.477549043037225,1.4385651549381022,109.25454637847095
-0.49697678438054244,-0.6438023164193704,-1.409658128987823,-117.09993966388564
-1.0805674664486982,0.3301180354031381,0.710442397668446,41.8642309686102
0.5958859987765317,0.7327193935876837,0.34846214321393326,89.27492226407568
-1.5694855468226259,-0.3198355124877031,0.11676520591430119,-46.63759649911279
-0.07882240377299721,-1.919108812762953,-0.06452107436391248,-151.19223583243883
0.4065850298896263,0.054904178378639756,-1.3200580377183389,-55.66239334438343
-0.6360338824559993,-1.8163759469765606,-3.204534401583647,-314.3379312880175
0.5022512188890041,0.517411940049397,-0.17946417632363743,32.771405643601184
0.7418551889120704,1.9897268052321064,0.3955789988208296,176.71464022675502
0.7854812511730257,-1.2451676944653223,-0.6438470227192742,-120.45154507488122
1.5028533555010828,0.39606570674426334,-0.5013180576714192,22.347416342572892
1.1984343605571797,1.3296469769007495,0.5376049601492919,127.23228331744431
-0.9550733585672249,-0.6460193746778954,1.1060586644118164,-29.689981262338357
0.16701135459197777,-2.443680225786038,2.0819385111879996,-79.5796197689728
1.0517575777792028,-2.4017570045310324,-0.25555792263384575,-169.88109434355437
0.49882705346443784,0.18522546554632083,1.6057532078354018,96.07164212442557
0.8117073672304006,0.022587041803390894,-2.6052543098153085,-116.40504312108092
-0.6112895696512114,-0.5861902856457947,1.2195989813703516,-11.659370919999825
-1.2014488241502657,-0.4744974303443867,-0.16550531911675903,-67.55341045612703
-0.7736682857205155,0.4970573862484769,2.2648222095983277,143.9040254653025
-0.5597041681897781,-1.983920868544788,0.21230124756206614,-141.22619332875487
-0.40652461134425755,0.3652779172170843,0.30631715688201333,39.62072494297077
-0.16210089182351375,1.555599303143129,-0.05003224350546608,121.85373426814462
1.6748187037849966,1.1546468644589143,0.20046210077407942,123.52253717147748
0.030425685759359066,0.2630197232895842,-0.6696822766506598,-8.376407685197913
0.7050726987403145,0.4247575623117515,0.1653287095943175,69.8543798188411
1.506873607382188,-1.406584805886689,0.972014128061318,-36.1255674938633
0.6306405029795035,-0.047527598572357284,-0.06094654796893093,-10.567855451311253
-0.0882788114081311,0.4678106901094586,2.360603526637459,151.4794250572552
0.03421199068901174,-0.7030333597566317,0.8660151939824479,-19.34353598273664
0.8327908759149618,1.0223349222141116,-0.5806551501207984,50.539133608955524
0.4529120404150623,-1.2748795857692796,-2.721714168115165,-238.37534457531734
0.9001444024230698,1.548009677402067,-0.04222757069352445,117.42764982915233
0.29085305130140093,-0.43638673869960776,0.20117002041869386,-22.253779758130264
-2.6756793871145508,-1.0196028134018733,0.3898704073254645,-105.55660065046195
-0.3728049902928911,0.8914108644705455,1.0075256353151945,107.91514014663652
-0.9748973633142122,1.065875508705754,1.6092200797607472,152.69677013917368
0.48251556747776414,1.6347066135780663,0.1936447346239254,156.56757651947495
-0.37654259586512445,0.006633909850823639,0.19161926840188104,19.91269342483488
0.6597438378425979,0.794516508478493,0.6508059575174023,116.0014965068769
1.171085814631657,-0.21521745755505264,-1.7968945231486737,-87.70387192019034
0.10949008380308675,-0.2413409664428258,-1.342089010692291,-86.91862645225271
0.4583956717347658,-1.2157484650521344,0.09570707555707435,-73.39891257354797
0.014880101330657022,-0.08777963219834264,0.6816272043433873,35.326422374425086
-1.033419326250181,0.5072476694323904,-1.0813639098875771,-25.046117801511883
-0.5145045021188515,-0.3754184742909489,-0.12248817096196883,-42.3788992212246
-0.30502533308517765,-0.15487998577275977,0.5480594375026211,6.053969011036042
0.16593599652841762,-1.2818341109256104,-0.4203924777565283,-107.88093716352054
0.5782464508159755,-1.1873554754134914,-0.10444789028727658,-82.3960125460892
2.288920201126395,0.1259266005962601,-2.3093753187723722,-63.16848058724455
2.253081995693097,0.016527703616937464,0.9809531940089266,83.15027633450202
-1.4533591918842421,0.9846896212436668,-0.11391596203248919,71.74379164490222
-0.5044636041758509,0.12581285970779824,0.8542533303058469,49.137980786312276
-1.7035731826068392,-0.44485600483037946,0.015976464129269244,-57.6198251994339
0.03421458142748032,-0.37390139483205787,-0.3482102817270657,-42.80331555676792
-0.5540248465611951,-1.5716154356284622,0.6558386226940256,-107.35871561624268
-0.8305337634851783,-1.875267488192277,0.9659613461918181,-115.66423381435511
-1.3161162123525256,0.07047076370015588,-0.5355998478713372,-51.8035183655288
-1.1207606056060204,-0.9212496295980761,0.5985621946894806,-52.29775765432967
0.5463366755314205,0.5959954744495501,1.0142030858210216,108.08330770329034
0.10531118843717631,0.16001420312713882,0.3884126211561301,26.390840489733367
0.5180981502816185,-0.0631469018232134,-0.9043481929782187,-18.970780150833118
0.3748784263134738,-0.22087539884019097,0.6201089971334949,18.743407357084372
0.4986606550232949,-0.8157143375312154,0.7658287390607663,-17.42011180816357
0.6092489655935902,1.3431192584441192,-1.5317137708585056,48.67542930307842
-3.466259721157739,-0.6778606887302147,-1.5943018436969827,-171.16282638452623
-1.6495948422830071,-1.4650243132274345,-0.21245032809903444,-147.11382903992495
0.712938519755874,0.7187269882742231,1.6292251450408493,129.60556449089583
-0.868273786993113,1.3922306022533617,1.5113574321309808,167.5270083275536
1.6350367799855563,-0.10088004150722332,-0.009305966178349445,20.35959618984586
-0.3542959796165648,0.09682961049168061,0.0976194105612844,22.75692392841394
0.8636437414039305,-0.32569803074156245,-0.6891136077497904,-32.5681208677221
-0.11209385237063067,-0.6376480356685058,-1.1873201370855577,-82.45899788109432
0.438360931388476,-0.5695029465725409,-1.5152510547384166,-115.50482666129118
-0.3034231719921374,-0.11144276641350134,0.18403157421329072,4.620666294577905
0.3223013453472199,-0.5451265254968356,0.8310257623041903,6.710555847720532
-0.1356565247797666,0.03308126514620233,-0.4189733930037593,-29.058611765883207
0.8436075488119559,-1.7529354831261237,-0.7631460030021506,-167.1025250910388
1.5659794426430673,-0.07480369394084965,-0.11835169835724257,22.372286105992544
-1.7589062418547987,-0.1322572306120018,-0.39741961866745423,-46.8002457517691
0.6782683179760955,-0.847878151835573,-0.29386528015872937,-71.95249369388026
-0.1539251037770522,0.06988672379436317,-1.4748564951879028,-58.85258896688116
1.5710158217663588,0.14877034778719617,1.0817188766514492,83.61474293936512
0.7017996722317846,-1.2811472478666734,0.5537167685281151,-57.67552978781601
-1.4293619011852206,0.3388159664550567,-1.5809985210835984,-63.90066040873583
2.0109384526313665,-1.4111235799121706,2.2268330781075236,15.517176126801823
-1.4272343194596901,-0.8840238972674569,-0.6627045655786024,-111.20947041192339
0.5808462123326096,-2.8217920502387863,0.5171774972414855,-190.22511278317472
0.8587762598318539,1.604391033814055,-0.09055769079115679,146.3854971208158
0.07426916782840012,0.2828714342650894,-1.0747311486495377,-20.87912825668807
1.8948198495577404,-1.3680994368304333,0.219688031802896,-69.371404374186
0.6796340386040115,-0.5775685721736238,-0.05404605523554899,-52.548764688778945
-0.1770937566351109,-0.25633583222122686,-0.24961741815379623,-20.234465350459296
0.1753515899446732,-1.371757408738936,-0.07806717019658227,-107.22940711987901
0.8002152712202125,0.7906073257572481,0.08171584513912875,60.12119932345854
-2.182633731195193,-0.8000583430534679,1.8501625164201965,-6.086834254311581
2.4209201280694033,-0.7987247866167362,-0.04729759861399825,-36.74946429305974
-1.3939025841295538,-1.4081654652465527,-1.0891757151764436,-161.82134115562167
-2.9214429732376743,-1.0653296691500547,0.3573949006218193,-104.7469629109073
-0.4388163408613247,-0.3967779880293814,-1.6972607070636212,-109.1606181317073
-0.2670581683287101,2.2538877927638987,0.2573683724144516,163.95066489546252
1.8043369362912542,-2.0254013587379993,0.9665349053827674,-96.7414264762892
0.6661179054696814,-2.6934143906222787,0.007273198057620339,-186.6808827788393
-1.774386449779235,1.3520242787049517,-0.1988982124429911,63.892698933649406
0.40124499156970445,-0.18942828351782284,-1.381543406681194,-66.33548243387415
-0.7826089577587946,-0.25032069703932613,1.4167744809665235,35.83239299281654
-0.8191272862421395,0.5464205976420873,-1.6687474994794926,-32.91580180375686
0.41255230557098527,-2.0801205047894085,-1.4108314991404398,-211.2877689335773
-0.6081387714736111,0.066291464987382,1.2319666292998293,70.78289260445787
2.383894908872963,1.4315601858832494,-0.06914462309954308,139.75264376047926
-0.8944275733762554,-0.43037381481088344,-1.5779306197621923,-125.32362316102807
-0.915576880162862,-0.6780826241595364,-0.07280810979004457,-62.15864034702346
2.6589390297761364,-1.4070746108280532,-0.826991415272245,-105.14179435185353
0.711319993725415,1.5329171596398454,0.5512453722875326,153.43577335734145
-0.24015458649462074,1.114104798566195,-1.4228379629164136,18.52554952822811
-2.0105845207028787,-0.44234253466241064,-1.108426716089419,-97.82172317332262
0.21880051727427946,-0.4758577272452898,1.4489142376370387,37.758796401307535
-0.054378826020321326,0.554563663161261,0.8324441152799137,74.91823325960213
-0.08253911831601984,-1.1265528856211273,-0.537391157454837,-84.48701447313485
1.4849278232429775,-0.5917774522958577,-1.6884847336727016,-107.64699739124752
1.727705661528899,-1.050201640801429,-0.8696865754418702,-94.369970758803
-0.9336695298338502,-0.6664514041820176,-0.5265257413440417,-74.94273398308611
1.5404241577326347,-0.8387806097319606,-1.6119013451785442,-118.81254086737981
1.5430541498269243,-0.5283245827004939,-1.1868582297141876,-73.33611536729558
-0.2708280082654243,-0.47149296425397963,-2.1769302325134947,-144.7341325803334
-0.10683378586812389,-0.7043028052520833,0.12997196483574755,-55.0172144398864
-2.008207415782907,0.8053383430306983,3.4421851337599714,188.25481604171182
0.22797154760470717,0.12371517541780586,1.390418871793089,73.47105367140709
0.10577673592950702,1.736479024746291,0.2948301214726629,171.51034256483658
-1.2126076969537076,-0.6510901012965027,0.14422128116300784,-67.93748128517569
1.9798067713207854,0.6915180707969364,0.8408116456301737,138.62165185807643
-0.2681572695273995,-1.176709483811347,0.3703507961048177,-92.39568419071735
1.1969897882998284,1.2783042878142807,-0.16708885521094108,109.66201296259281
1.1195002138410688,0.4549377273146189,-0.6941021892696966,35.687087374156455
-0.07474908521848804,0.051739851167113375,-0.9013452859052002,-23.88962775072612
-1.1021180028583228,0.5350454926683343,0.5097099974414927,47.400907451072925
-0.37870777951305684,0.4268586286259971,-0.4029575449550148,-0.7817712286664129
0.15420531775706262,0.5924395491638424,-1.9771060861861813,-39.729942785381944
-0.9857784785374667,0.6368714481413316,0.7575260262885031,75.1211133742341
-0.03341842697077107,0.019809926513907127,-0.14658516360435062,-20.246918334019497
-0.26925571543635013,-1.2451351084204707,-0.6230516121321693,-129.0146221036459
-1.691824939126118,0.9910390777189823,0.2331682364877719,56.437534242133204
0.3228633143913839,0.1963690656168202,-0.1632454037042064,20.681739913750008
0.46692460213076437,0.9352898844113751,1.280956628971018,131.19537014067535
0.4304805710855991,-0.9001495358525202,-0.952355078287414,-112.70553773769029
-0.27048795559303535,0.18234326285179075,-0.17909483101520207,-17.169822977051595
-0.03692546849854546,-2.711714053763516,2.442849914623517,-100.53920687852168
-0.3299464027697684,-0.2818080815493469,1.0365563280755024,20.580408539159798
-0.5521711478489005,-0.1337026887529209,-0.7334096545092078,-49.503419891696325
-1.2282389802395146,0.0005435991524328712,-1.2929957122002642,-97.42005996521789
-0.06404309484959064,-0.9869326760198328,0.6642473342100115,-63.28863198901567
0.6341612521542717,-0.6773824747688293,-1.4191020463895077,-102.640375604362
0.5505108150008176,1.5882006094047845,0.01180150272836275,124.11923252177083
-1.3652415706990741,-0.7555361061884904,0.8234220392579861,-47.37805575889647
-0.4205508574013205,1.2977099354687478,-0.5530557013287866,64.79814983429922
1.4010285077545146,0.2766826325421492,-0.4608885174592912,-13.561347560092194
0.9311930664364355,0.7360173570965722,2.5705612534836946,192.47267638271842
-0.30119747566627614,1.699247752995958,-0.8615410233162576,96.07538643817573
-0.16651131412297535,-1.7401284387393403,-0.9408515673903198,-162.44917882345464
-0.5140275554038994,0.02274706946357436,0.11748047769307042,6.2495877268686995
-1.1658305097594184,0.4430005293572291,1.6494651326127099,90.64733662034055
1.51379185348252,-1.79118075717766,-0.5499240780965403,-144.65924860265324
0.9181470999355502,0.28275638732311975,-0.5135891855907849,23.464800202395207
-0.6317929559142,0.28636660318656254,-1.6978753392886379,-60.864799709172516
-1.0851470518561481,1.8273989099572174,-0.019016927222945332,143.60743502288184
-0.3790669203367732,0.3731440538408175,-0.32774714499901,1.319014845803216
0.4571940763876766,-1.6000567995115131,-0.664106737050921,-139.35721868160874
-0.7891418375025939,2.173630771950747,-0.8282709398516674,113.12154797285393
0.006775903765333114,-1.2534899989414743,2.968652073433703,43.3631071035353
1.5868363277855453,0.7118706160848239,-1.3642579885823352,14.283056101921277
-1.6555565257755234,0.24873851227130658,-1.4546377454378838,-61.73995256818393
-0.303225119925384,-0.39559523512875033,2.592109390623631,95.31417140388773
0.19887596118810966,1.0462196646884883,-0.6841303790359436,43.43519946281894
-1.0700226889710573,0.05244574743502981,1.0898685716206986,55.91822085416827
0.441545765820527,-0.7426708897610825,1.3376050887350195,16.072162001421127
-1.5284049946605756,-1.8694934842213184,-1.830369273377651,-256.53577217632534
-0.4769436554040663,-0.015556659857071158,1.0564021529511904,46.89082955466044
-0.4268704903134207,0.6162134064222695,-1.0771056568865616,9.214548250908486
1.9338749820394232,0.04832487785266145,0.5023913854037069,64.76826218275366
0.02007941053110565,-0.9161266979586026,0.23457712878932468,-67.53739141528027
-0.7075313748455344,-1.3796316823126547,-0.06475409308593355,-116.66970219043414
0.10997914714709373,1.159919674136179,0.613295005497094,119.25432201388688
0.27483024095868563,-0.9414086772303981,1.1736025555745007,-5.081900328982389
0.7870643643418899,-1.5425643736937626,-0.07109871514763226,-115.47827722900563
-0.12377480672138082,-0.29447468814715394,-0.709891146908751,-57.91756346347438
-0.08362705578372108,-0.963715517200969,0.909078351171282,-32.68952645560133
-0.709171702006276,-0.48841598180794177,0.35718265131455074,-31.802761715156304
1.1545742135136654,0.48180239553806187,1.6690232713394475,127.892064850122
0.7405210539990531,-0.2296639837506314,-1.3116943293090946,-69.13094171369923
0.6661310815310372,1.4972203490196618,-0.9336928396981063,96.0924165980077
-0.10337350719822412,-1.0016018707343146,-0.5168368463677222,-104.14095124510216
-2.1237773134718005,-0.2345880474702992,-0.4184538441259194,-61.32598662706719
-1.8110558153452783,-1.5045261061466975,1.3595753047797456,-67.97698879351265
0.41058967536886726,-0.5649784373634442,0.6895177232276195,-13.678908007058432
-0.9757497361361895,-1.6495973466520686,-1.4271697469435582,-216.46125962445032
-0.5836385275160553,0.803211514057329,-1.4366167874015412,-25.107938950741804
-1.312188850153102,-0.630585706969696,2.644631573398952,39.592591993090586
1.725244165358942,0.37521148863244685,0.07864717102305227,64.94987123296609
0.04896728239204886,0.8670230849698645,-1.324449310784464,21.59874655659643
-1.1065357045678914,-0.14898930859792223,0.8470556781867391,2.667231430366254
0.12042707061953975,-0.8105417357727814,1.0861820907479427,-15.048549188935123
-0.31450805972717927,0.9570578412035416,0.7747652552101799,94.29379497654767
0.37877201906271785,-0.1759340184915438,0.829753968846582,23.30574495254269
1.2990212131640657,-0.18808136203573053,2.1750931541271754,132.518057936303
0.09776630806400231,0.12375901526801536,0.6397912990372975,37.68233035668964
-1.349985909150581,1.0217495586246248,-0.4121882695393647,61.427915885828035
0.30132903785462517,-1.9493787161941527,-1.3391688817284333,-205.45313769846626
1.4433912016730313,-0.21532575913070792,0.9554633265312356,37.470204539058145
-0.6333337786935056,0.8075938249618114,-0.4032246186581105,18.23705487902037
-1.494169151702187,-1.082683857410316,-3.0231000182613834,-240.54214059264015
-1.2130081942929885,1.5481281604801898,-0.5631299329921868,57.42111746873052
-0.07618013967488613,-2.0931311725063657,1.0001686831779995,-131.7972711050844
1.0281889098745716,0.3270859392477687,0.5553151944092157,65.90133616667318
-0.05920783817399932,0.830780307690649,0.15425248125016003,80.0939234898826
0.34897194865589676,0.5643172984195549,-0.04654505784635874,43.47825094505872
-0.22922909541080805,0.0008475923162489818,0.6105166335340155,24.062820178446664
-0.16138488086557498,-0.20478235260240615,1.6044158245804858,50.01736079067108
-0.6859923365201049,-2.9687696994937713,0.5035660097067771,-220.31442772799798
-0.4304249298764266,-0.5821885955968689,-1.4065333996271485,-116.92175496105753
0.23378736569258082,1.5415936709992302,-0.22831876366593354,107.32376132866892
-0.6009069945837504,0.17413064601098896,0.17927421980052846,34.221643316882215
0.2738704762464073,1.33502577427847,-0.0672581314201544,90.65522691659993
-0.3047728450018763,-0.2950397865879803,-0.5083866821105486,-21.263448602730662
1.8380074981633696,0.8954469348337236,-0.9617586246491189,50.01058622389261
0.50278344047496,1.1464030853442646,0.09348144560935966,84.54977527593853
0.7839144921953538,-0.46232676632238034,-1.3319253401250541,-88.50423892540505
-0.07670718107093144,0.44699398684117914,0.3936883400807928,61.10332249172155
0.4283064764344142,-0.4285233595484011,-1.2553748828134048,-68.57475125837693
0.9257180455717579,-1.7132073863403623,-1.1303826167118762,-156.32497427890902
-1.3054121666024667,-0.06600787760564686,-0.6955479758665997,-55.99362813394706
-0.7659249645788024,0.09896103054995942,-1.154808205137546,-58.65895437637539
0.2227170419627491,0.6815937056449277,0.34255108239508125,67.5890093627755
1.113198465370749,-0.4372219740709941,-1.3205338068577253,-78.91666333526484
-0.09168511190513517,-0.39019110350200575,-1.0561912183060314,-80.51662313341312
0.20289773623019486,0.0006628559074828679,-0.6821505038798165,-28.202257190953905
0.6597335354888092,-0.8006703852445314,0.7444725213660426,-15.33148351977512
0.4421985448224355,0.5804672869293589,0.9856031009921183,98.6886933184878
1.9131509015693677,0.009015640928002364,0.15486024107721888,35.850898332572434
0.06963797872475538,-0.2752966674873388,0.9018729567910105,30.049042556433022
-0.1917623617416816,1.450799626674108,-0.2508287519411792,87.5302474564279
-0.16798214508359208,-0.12046698554614324,0.820564429239159,20.970226739348135
-0.5533229806500887,-0.4851723090014104,-0.2802532149457389,-55.31602397457796
1.6148809904463957,0.3846632817230031,-0.6611039172690072,5.028997615264412
1.7250455415418258,-0.8479702962969655,1.114938470552451,19.858217523104948
0.4785990152053525,-0.10462520390043709,-1.0995230172723558,-60.94533017026701
-0.35427968577511765,-0.8695943398785495,0.5134524400382379,-38.09435327461605
-0.20526982067049182,0.2809819811923116,-1.0234663802981154,-32.26797171870437
-1.3087955773501538,0.05970055570157281,-0.37172929980519787,-40.14395903658952
-0.36810467269937286,1.8073483854277732,-0.6748695882463879,112.7241477076418
0.02007441175579958,0.5202620559272629,-1.2996691383656018,-27.95726698448268
-0.913386632158323,-1.3571457221031644,-0.13153336127476065,-136.39711466528564
-0.17792135918050508,1.421467051464207,1.6208454771933625,193.8857882429075
-0.9619261939973915,-0.7721453204511689,1.573633239589289,-5.447654202523793
-0.6350144183050132,2.9123161271558797,0.14593461759241713,221.05658896007137
-0.9657330190481452,-1.2443146655681887,0.8828989155308361,-66.05119756299995
-0.1000630799414509,-1.437477699692153,0.3722582580380398,-95.15149485458208
0.5616934564524894,-2.1985552814437863,-0.4278642360693616,-199.45847973750645
0.0828290523962838,-1.8349387597412041,1.0209964056291936,-89.05505626445104
0.9751213348709697,-0.7895729921990239,-0.6155760782935702,-96.9176532618932
1.6679921246632137,0.5290398480488192,-0.029279832021646798,70.01720481915895
0.6460626549149926,0.6386845642815308,0.7818798790429728,98.52361233380803
-2.085664766269289,-1.0867591104561938,-1.0663443867489577,-177.15434635061825
-0.7815378174828214,0.5135954133461617,0.8745434341277719,64.98260310596696
1.688224082093286,0.04077997505563323,-0.8272294203740695,-15.047147439269402
-0.9011353428846343,1.4941458965219465,0.7454621905359247,134.39957635255408
0.5200064123193524,-0.42512942223285577,0.5536346583410378,1.7498034583463067
0.09173133347653231,2.0432466485904497,0.24294844644356398,154.63520146713537
-1.0137408683703377,2.0726201163844715,-0.02777789423272771,149.41786628435722
0.2892023987843726,0.6341579864526923,-0.25600796848519725,36.272053884986136
-0.9429837462603142,1.0817756763484614,-0.8351649650759667,34.11047286389082
0.7724586103506791,1.3499019245723494,-1.1288483962983045,58.852383002434664
-0.10959415749338715,1.3845678367864072,-0.4168463765891401,110.19516971280927
-0.36847358257462715,-0.9362506040665663,-1.4379788295812868,-150.26339091788466
-1.4348901213451992,1.0973972113082442,1.4991284847734427,108.99956149319611
-0.6572007931482751,-0.11723878076625004,-0.20751240876121518,-36.48683546358024
1.3930577289696053,-0.05039699272211657,0.38836066455096846,38.320225983867594
-1.6744933157628974,-0.7647676571725719,0.7083319782310149,-58.51868585169747
-1.8585131607202074,-1.1671818859873053,0.3490025779069698,-95.56456184672615
-0.36479747507264476,1.9318629602190573,0.6016460010508552,178.21803013255226
0.9353190141724604,-0.19801846648339844,0.1579009736213177,18.204897493306227
-1.2651882360981637,-0.4022800364808024,0.3296000540412717,-28.02424200738879
1.194435148285792,-1.0508325279532733,-0.5542885559654007,-105.9755393921278
0.2432175433244798,0.6042140275083503,-1.2985983427379388,-7.3136772514986355
-1.6404765662171872,-0.7006848642195297,1.7472950192566212,1.6695011975604426
-1.418019897452393,0.3084831190823281,0.25469989789532615,10.449935821741235
-0.42584819072869085,0.28768416216641474,-0.23361886782659116,-7.350575770945229
-0.611384532411411,-0.3962310864081597,1.2466468172137504,13.66964651132236
-0.6924567366692462,-0.22396782899615952,1.4205009782759663,41.33003844713598
-0.7899690809993163,1.0472898720607433,-0.9555593682168153,14.024678561654026
-0.10327252330449141,0.875578513255714,0.7499062548890616,102.0356693239659
-0.6284215136385009,0.20857713147275556,-1.658060721708664,-66.64446645407821
1.1336232072913919,-1.0362462855661054,-0.10786937970608547,-68.92623733915792
-0.30000388038386994,-0.09743849334300402,-0.9836046253200198,-61.46042340482747
-0.0819633968215078,-1.7879541969844468,0.5580280652575459,-123.96012407542548
-0.03942334580232123,0.646411144776563,0.4532419097537039,81.40458428151113
0.823611307643616,0.3745003479691203,1.5628231853227492,107.53849537443168
0.6451422657017419,-1.2065542594831138,0.4719548697726449,-67.6066469736131
-0.6520767073436546,0.36698789117473263,-0.9939036712191457,-20.980024996434707
-1.3578253101687985,0.058270233099783346,0.9955525816713274,36.80990286331378
-0.24543141693830653,-0.08646763111686696,0.9754058947694754,14.22075229679458
-1.4983072098218022,-1.4501432179372375,-1.8117452671855132,-205.3027194473777
-1.3635308365723993,-1.0119737694733464,1.56201216945537,-10.422794163918237
1.2271252032661972,-1.7969422391918282,0.37838280387242673,-95.83419968327549
0.09367607291983589,0.6770332686464379,-0.6660234597646434,26.51826113554877
0.5929782589880372,1.6365156490510973,-0.41385369566657,123.79943218841889
-0.5239954125788382,1.4912202209068974,1.4420874311406378,170.51098645977214
-0.23948590572949333,0.32684083439723643,0.05468572072395402,14.691811857526936
0.5927811022984487,-3.1796043723464056,-1.6413688538231699,-317.1824790363174
-0.20059453852255774,0.35519677301463215,-0.4737483719561787,2.8756437213651034
2.114725726785079,-0.7691140550898056,-0.6572721072726119,-61.877306576599814
0.1706197780183195,0.1544182825187377,1.1642158168233834,62.89352981655137
0.286146457695648,1.1864408707389529,0.4794600438937979,102.67694364857341
0.3591857430321983,0.888204019134576,0.907390344015684,119.60563042755707
1.5131299457422192,1.7342538459810672,-0.21891396548709122,141.29486193595767
-0.9924457154381804,-0.10764307287380093,0.04513616607703413,-16.783086903394356
1.4965653623652047,1.2899320556873286,1.4248968298312148,202.91604990373853
1.1356278824074977,1.3841215307329109,-0.6554489812784956,100.84321656197943
-0.8099929930144867,0.12023553214434823,0.23999594076748842,-12.79533485401511
-0.1945793229423418,-1.0928273691235928,0.25039532279595017,-73.16437353514571
0.7721052050063272,-1.4112383502600399,-1.836996328636133,-191.7206364619247
0.6183765117710053,-0.15330399628793043,0.0647965137182153,10.752726463613948
-1.0445597090685512,0.2928880902411182,-1.07642137332228,-44.428485017556035
-1.4818489385374198,-0.38682177519686206,0.25144888527443227,-37.365970450186055
1.1332610172448676,1.924596079920054,-0.15811296853829457,147.08089679635168
0.5508058687653289,-0.7359443878988694,-1.267896124750494,-112.37517730424167
0.2688180874768974,-0.6056591395619028,-0.15130546279252743,-53.96647555477598
0.014224692982065903,0.3193692051070567,1.3911098195873395,77.61390043983945
-0.9066547812074057,0.47685807704546174,0.842786286949148,56.12802116851477
1.184009923572895,0.7707349578466653,-2.016663541232446,-14.88146366436514
-1.0388912512870523,0.28523808412345364,0.16893721499737166,0.8136930393936286
0.6624750924282367,-0.09209523309772483,-0.4174223214087388,-25.880075747222154
0.0981658683094619,-1.7435740827243653,-0.8852251494557046,-191.04609525337864
-0.8607423339129041,-0.0726504386444605,-0.760102277811222,-57.62713085279112
0.03160050339630332,0.37658673127630454,-0.022042931973369158,15.616864715241093
0.2415206202092708,-1.7735976130951085,0.03356179262474095,-166.84824838533694
2.0516145379336788,0.3012930672044776,-0.9936665871323977,10.987989868678905
1.3857620988956703,-0.04701573296948693,-0.7760697882965591,-13.250803509877164
0.4981335387020549,-1.3354608770407614,-2.025904586268057,-197.50549034558313
1.569736380782241,2.249057737743542,1.5078155511200144,242.2752223222464
-0.42280975756650513,-0.9176632469075072,-0.08967786214351577,-86.13512954069206
1.7186340279228498,1.0787348461769282,-0.014097941237531013,112.55302657261453
1.3129941041940032,-0.8594071823691416,0.39053074316364056,-29.242892392312726
0.5091467977585552,-0.5872834472397863,-1.491116814773824,-113.98178500202303
-0.9555741090584315,1.8280786885241447,-0.9163991817998988,85.32815057120753
-0.2931705189962853,1.209320867005763,1.8853259351780063,165.67278587524044
-0.02061073799063721,-0.29774285865814,-0.339201717194812,-33.109287895990484
0.08097840277761743,-0.4179407135620213,1.2715146731545408,47.68729253188948
-2.5184386229328553,1.0044916900793863,0.5714661005430507,75.93058524654174
1.5477615507012947,-1.0497485389188908,-0.7072448482402739,-97.00869168268781
0.04341639008616598,-0.12952555349777856,-1.5559046790097473,-69.89774762120535
-0.3911908857253789,-0.025105418095377405,0.29159825327789896,-6.541421019181254
0.6381540645527001,-0.025961387139333884,0.6602140015444387,38.32959513602278
-0.16293630521113156,1.6002145024329846,0.599390690155968,133.85421649543918
1.0279797709128495,1.2645107758785985,-2.103365937643537,20.368174971972728
-0.35803249622917144,0.8110019672672166,-1.1100983205122967,27.79295867168487
-1.166906595695655,0.7344514957033321,0.9117175417900283,79.18485172139587
-1.144174096494363,1.182968470908339,-0.2840072265619642,53.62447263415748
-1.6470206371398362,-1.0874558555959335,0.44967880165434476,-85.61107508533448
0.19580713523765897,-1.823967685771442,0.6223568058871887,-85.33608960588205
0.22726402759835213,-0.4897347108738532,-1.6939069613868971,-106.08326860249397
-0.5017700902247744,1.055730975191401,-1.5795935879827387,8.235819099105985
0.19224277019085156,-0.3527926256902223,0.9914896332082266,10.221878156997011
2.0206920283228773,2.163107068582068,1.5872961280693876,276.7917909633096
0.08845886747532573,-0.472515661406227,-0.7202189449219669,-68.1066986873477
0.6811934212582313,-0.9183343285469857,0.6825723929132863,-35.07044975969162
1.781613072137703,0.9917050115794399,-0.010109045125918302,112.24367204032987
1.5598845754499464,0.17791231560323034,0.4338506966678616,78.62067922577224
1.8324913434381227,0.6432410848451267,0.826366323138653,103.51945175323664
-0.09908865070667235,0.6481524174929044,0.2010599285767059,67.74808710870599
0.8137313184325635,1.6464310005749743,-0.20086701543366425,126.01915881530435
0.6856569564287125,-0.029315849892106928,0.6164676138299111,36.29550520260531
0.21718165430064007,-1.7971005617661007,-0.6982754308066987,-172.56754117926695
-1.5854525480595656,0.6226081857789979,1.4144137652381408,95.8306152014751
-1.2841046621133745,-0.6142571022750649,-0.404502199023081,-82.7159829634318
2.0193159851897042,-0.9727305370497836,0.4281253109841104,-20.516681727458952
-1.40401984814401,0.5486667291645205,0.4375692496420457,42.64834870880691
0.8231059205969736,-0.4638523443634219,-0.5152108026859332,-46.24105815258317
1.80806463507335,-0.30712752116316655,0.4126548998915908,18.854949245442626
-0.41712156682199214,0.279895208622307,0.7296219513758279,54.926304210461986
-0.8458850549528146,0.7927699541422187,-0.5216523728762502,23.847421857138414
0.3617982730249156,1.1253175932265762,1.145820657393056,155.0654559540965
0.08646534783012055,-0.23268607008301187,0.7144110555162672,21.24342787856982
0.779517620688997,0.5914923663490074,0.2585958415722391,65.85878662074356
-0.09205526108812716,-1.007324045248893,-1.987120119773311,-171.27222027449542
-1.9590962510060677,0.5790625732065052,-0.585158413896642,-9.308656488319485
1.3154897355916468,-0.20150603894368224,0.17900948542421902,1.3746738195368842
0.8098239607998831,-0.8866574129175003,0.4763248539011444,-35.493096545851365
1.1866053413286726,0.14951628201471767,2.3558968499217805,114.47423266894333
0.6835404875105008,0.9059085481297078,0.3688753434441076,98.94825145209785
0.6031854385394374,-0.9982020779951419,2.0488987633416875,34.378749777606785
-0.8130246093082174,-0.6266495930167514,0.8547356592796025,-6.130725441932782
0.18980707327130428,0.0803553697193098,2.1895597026679567,109.33149317694534
0.8254843443600007,0.28737110076951405,-1.3102069274825738,-31.84081513909461
-0.4722815785509456,0.8276529226941692,-1.1706140338447064,-11.40970560441992
-0.8054722979417374,1.1738004911545679,-0.5760728602025504,38.20505506795725
0.5118762833490248,0.3582719753620066,-1.2180939679076166,-26.050933989527202
0.5438549182629716,-1.4497595159267003,-1.6946365432256738,-184.1468266535881
1.0393321603976047,0.9135868435151081,-0.9836248470959335,29.050084735407832
-2.975458227103989,2.1114036326171086,1.0717411105459853,166.04133631307494
-1.2035072188458442,-0.5852113838175411,-1.3968670330673816,-127.76335728835633
-1.1381502163625477,0.03420306962649073,-0.8256970241263499,-63.653078179216365
0.2355688917260193,-1.7636052568042102,-0.5017896732977485,-153.18822617225624
0.22001808551294771,-1.492386228016038,0.5331816180774553,-93.5758678568729
-0.8078526562817414,0.6215375682925232,-0.6793624069764794,-0.8311125018523189
-0.6217088312513264,1.6511805098755536,0.6994703937705452,137.85624811588312
0.12169047854015448,-1.137437286094913,-0.9821178403299401,-121.17054326125857
0.4349920140356354,0.829092091542225,-0.7322137071535944,39.947730199269024
1.8044921138541177,-2.4559777192947907,-0.13529238676154184,-194.14173923794917
-1.7251433951243713,-1.8431576216665817,-0.2661456638456312,-168.98748536737978
0.4626985728453944,-1.4207158054827143,-1.8533030036176517,-173.36855045523785
-0.3252585058539886,-0.686123271890521,0.8628925533118911,-26.61199341835866
-1.5116063272736615,0.9176584332077724,-0.3703393503153042,44.17499444397154
-2.064473211218367,0.14907027650208543,2.423834063954446,106.17466734303575
-0.7753031069797349,0.4116519221277996,0.4329120718017002,43.827652584032755
-1.7131318810813898,0.5607457673845773,-0.2676939534478191,4.0710607567301125
-0.05431159756147069,-1.0856012897559728,-0.32494001758813273,-91.96725128418772
1.527880093011715,-0.20037154117187372,0.794460945602101,53.526387787867364
-0.0013321258064286784,-0.12283303571217571,0.11205611662787753,-10.269906867143293
0.6733072914601663,0.059116214216586846,-0.8144035067324199,-18.8097233889362
-2.052706493769993,-0.004285974834865621,-0.9428885709292725,-64.38608503453244
0.5169997120320264,0.44135466967996567,2.3596235726875547,155.02124405396333
0.473362421849767,-0.9933726320937696,-0.8150570092322824,-95.30211240757171
1.5151851997702128,-2.4567562568143644,1.1949859804158358,-112.79512582271482
1.6033845527911885,0.1534910220249995,1.1028618998886026,77.55988257786628
1.1209183697070886,0.2888417338094607,0.6216096118158354,66.75468591579114
-0.5810703595836634,0.9822412627819463,1.1433256637435503,141.95848231551375
-0.5568678196141748,0.35611396043486554,0.43114710341567086,22.914449496803556
0.6664359031549837,-0.35529492904191445,1.1269953865505888,26.514239855974967
1.4315577804595057,0.7958090897809617,-1.180186751770362,35.48736202600824
1.1066261697920974,0.3686836980887257,0.12988420080684296,38.987579560428685
0.8853770165863141,-0.8966379673710598,-0.8753161190303795,-105.49276533174957
-0.4938943364718919,1.3607537673621595,-1.267759953544927,35.33674302496046
-0.5442110940798804,-0.6782556520336045,1.0609028735322625,-11.988942291264877
0.7597618343399234,-1.0358321915990496,1.2499636258389437,-14.177752872592118
0.4254767652957613,0.6759327004478222,-0.03300870656066169,68.34063044436932
-0.3360820785736539,-0.037193765935729754,0.4142535137515313,20.806137723093375
0.05068339580798867,-1.5465185772957382,1.4299423755796608,-67.76841144600252
-0.635550319819024,-0.0594120166796471,-1.4198307907459657,-81.60055662502786
0.028674137158497474,-0.5148828967127242,-0.8459008332269005,-72.85003699414929
1.0792519311369797,-0.30273583148448935,-0.2528240730013084,-13.087332066248006
0.4896407549585278,1.7946758884168998,-1.3906623544463477,68.84116331714725
-0.07797499599777723,-0.7792207668378294,-0.4186404087941906,-74.51340380948719
-1.7326327742561498,-1.1588920425862579,-0.016399200817563596,-124.56095566015702
0.22705722754481672,0.42405006375614024,0.938786933793403,76.65990843356636
-0.14010435088903278,0.11121403624377557,-0.11705373076281106,-9.176773125676238
-1.3026117242340394,1.3713808401202232,0.9942010404922742,129.217096156039
0.02957931850974644,1.2659922636155296,0.47984667315641083,130.39612988031394
0.1837163130097388,-0.6432525024274551,-1.3440057947349828,-100.68084156151663
-0.25566554638860595,-0.8414403164182542,-0.2710283507941495,-91.50499969969063
-0.19381938219193043,-0.6260884736139072,0.7479958626871871,-16.345115512223824
0.4986212451590304,0.49435928646041527,-0.4990889275998508,15.321885115012185
-0.05176876721248729,0.4867567147808683,0.49094932113820405,63.08015503293503
-1.6407187206968368,-0.9760627226291483,-0.3065565324432567,-113.92193747514165
0.7613473134858767,0.7911555755119092,-2.454758611464284,-32.970944287730035
0.6142963924532472,0.1008067571050444,0.24746711291706633,15.895459200475766
-0.45791359498098044,0.7217686006778763,-0.1349716772053361,23.267094621386804
-0.19706962316033946,0.2765036447244114,-0.26162223314692634,7.916822739007326
0.21350682749713848,-0.6025582491132335,-0.2596569854099899,-55.599976531492686
1.6754054704541317,-0.31316084559834295,0.522876686678642,12.404221742170344
-0.7473942208867177,-0.9116861697951472,-0.004163304548373123,-95.4922153221611
-0.16767947451312915,-0.06321307663931058,-0.00415715621995366,-0.9143478994335545
0.38528628428956,-0.36635836171756686,-1.5721105820510917,-104.51927492411615
-0.0074880512489724745,1.590645380593483,-1.5676599446766992,47.987998023570434
-0.4287500750337079,0.04649421463711076,-1.042419835800106,-38.9996096513971
0.902775899811236,-0.0036268271536471683,1.3641382665013118,76.49826951309866
0.12398262521172591,-0.07918513051840516,-1.4106032249336256,-59.98809059505999
-0.15828238072181888,0.20756560068836627,-0.5314554431910786,-9.413917588945466
-0.42021409394297526,0.09377778854603847,1.105767810275572,58.05688123643377
-1.1808304462313384,-1.1728436964406004,-0.31856395378229985,-126.74407761983113
0.6860733572137862,-2.1095067832610535,-1.0382158608314307,-194.24055491551346
-0.6425464903207283,1.8719970054899955,0.44747418836611935,143.8991459264878
-1.6376055419967213,0.5649052361004545,0.6993117100586849,62.333222583123245
1.0021386796675529,-1.2238757857671834,-0.6572283859074686,-98.54208053254013
-0.14831449993710338,-0.7585221182148425,0.20547462288588708,-54.20024394397638
0.30866882188650463,-2.029217883159122,-0.3092473561065722,-176.64414589588048
0.5542436110510301,0.4442798347985192,-0.40485812467482124,19.499691316790198
-1.4957651938898464,-0.3781509515296781,1.543143229725334,21.765057492649916
-0.9225334814983025,-0.5244684722729995,1.276262821668961,20.987275987402576
0.28994630195692184,0.9623750960644667,-2.3108622065577715,-40.393956763138526
-0.7636278274388831,1.6486527175013577,-0.09130115650475222,128.90332371338164
-0.6452293195344015,-0.4543635016567902,1.8634316145334617,50.24945225286763
-0.25470164978988,0.120105549150891,-0.4829034597652187,-20.95103517022121
-1.1128604915540834,0.513106146839699,0.33585351359625587,51.376596611179494
-1.3992805698662647,0.35457999390180406,-0.6550684076606964,-32.62884586512303
-0.8966133150776436,0.8832651781427916,0.32849958430510123,67.49538207923501
-0.055427768718752116,0.4670099428789907,0.7426416192121267,59.83304917094785
0.6240141322604097,0.5460460585678477,-0.41483098725317274,14.563227614183077
1.2111762230701963,-1.5778635070680676,-0.17905176719275886,-110.9696961393458
-1.4059277944316169,-1.634063228179467,-0.60394632308747,-180.66829636136748
0.7790950719158286,0.12339428260381388,0.31461283940987345,20.55317802026029
-0.896554776297006,0.9544667029957425,-0.09605175635680618,65.18185691258738
0.026568408302362425,-1.6374291326504353,-0.3877297636670335,-149.85531155903817
0.26987827037058393,0.09059889651847082,-1.380977141004683,-37.87545536072107
1.0811770125273663,0.15126768570179824,0.01602994881842607,21.884998751969825
-0.8081318330757722,-0.7163253307632781,-1.1383818989669936,-95.12209090413612
-0.7111868125900583,0.7974441232617238,-0.7166547720049391,41.15720705969225
-0.858643629750728,0.004680592252064401,0.4225521074379861,7.251852892029612
-1.2243197063686,1.245042883759063,1.8301528825533844,168.72363952453128
1.6669816814748661,0.14548030855743127,1.6375726761992355,113.94535335188023
0.6431787097299618,1.0433612227448876,0.47360598414123534,103.95755466602131
0.8206381747760959,0.9819435402254855,1.2716638091369838,141.54340418956141
2.1279321355845835,-1.0581678964013697,-0.05207326769038033,-50.28701634528968
-0.18810212459053724,-0.41595942279956727,1.9422675671279668,52.89205963896103
-0.11111822729308249,0.8470395664263812,-1.0578839315742699,14.481757513037312
0.5121189927269026,-1.3108949505901055,-0.6468374242274316,-117.64370938281483
1.656033359280743,-2.4560948822564797,0.01601904849837184,-172.3263872087084
-1.0347549083291692,-1.460217807429497,0.2740392069971775,-126.74475663755445
1.0571200601128592,1.3667399922239771,0.4196416674560359,130.2797175090678
-1.1063897642881058,0.566449899469696,1.6123550216685008,126.22744488132591
1.2703033183111656,-0.1952293790316394,1.6409026839292058,72.49708515014669
1.6389773493471556,0.10146366210591057,-0.6394133087405285,8.16866846285227
0.08342534402680503,0.6059921223537368,0.34045448213062535,56.52832570763997
1.0196682959085002,0.05036072182953529,0.18628732173469556,33.3272103557852
-0.8468674293480919,0.4518043572697667,-0.7155405613091255,-35.668430452425625
-1.9305473423240174,-0.6081442180213049,0.5873956932994264,-49.818289977019184
0.328382994117335,-0.28280553406171466,-0.4757245474145069,-53.020659022532605
0.21297034633965,-0.3262932900398661,0.11818609704325456,-17.075893417364245
-0.6154721209923973,-0.3989842680362492,-0.31402527277798475,-59.666483930419076
0.04556273463671411,0.7560331160087013,-0.778423601905766,19.950878733905412
0.9353603003380807,1.4706836583111276,-0.5093647931321025,104.18296599414971
-1.5720870808395777,0.07745573381421668,0.08874774622670473,-19.025934977737013
1.940967142466118,1.307830376207642,-0.7418074982794692,108.0666602925657
1.391770085525606,0.1927270334140858,0.43407104897695,51.015612637136925
0.04495073789254871,2.8051043186079694,-0.6543859551493528,161.75647949134157
1.0726151137857614,-0.23528373683314113,0.7471043095333089,49.152165160843566
-0.9828953110687901,1.563921390653309,-1.1529956800195464,60.7206536448668
-1.195162106258076,0.7229188805771253,0.7673995822064148,71.3437756522644
-0.6958977720039762,0.9667849011075375,0.7813933049047681,100.16929030857688
0.7884329661050806,0.997933461897019,-1.9643166243795627,8.533566901507893
-0.7242258561420667,-1.6526515641478292,-0.23367515231052421,-145.49412810819095
-0.27055708784327814,0.5023168228886076,-0.05264150441744885,10.446569020115327
-1.1507868902139937,-0.45023109446412524,0.20355341359343176,-42.845601774065976
-0.8386453489454858,-1.335828631860054,-0.2621817161748184,-127.24305457038425
-1.1243291762549905,1.15052305284861,-1.2237009247209893,21.22302757332927
-0.7626501038900961,-0.2712105624219755,-1.3659311492741744,-87.84650225686526
-0.793302173948723,-1.800018735704333,0.446783632510866,-122.2119295748506
-0.07864457449018981,-0.671567634865046,0.43315174079853597,-26.41668675718365
-0.6413100848222253,0.07676080276103756,1.3176260134501414,61.00246803749319
-1.0017650604313615,2.6714775761795497,0.17260403017218995,197.39857492748664
1.283478021669857,-1.9366944746400638,-0.938307259873119,-167.17390039100331
2.593309966721502,-0.40217615437056603,-2.1384972719370543,-105.62231002661393
0.3392847060461844,-0.15590853388271336,-0.3123284815435444,-4.554362986688901
-1.44984704781921,-0.8456803071647935,0.7860142796567787,-46.58858459635298
-1.7405466483806822,-0.13630285435046716,0.7760812888737534,-5.137712538773689
2.2739876444077387,-0.18520598091883406,-0.2419584369111178,-8.248701853547573
0.15549444792204692,1.5503620718748796,-0.9369327702762335,77.2653437898496
-0.09237368439666423,0.2685761182914662,-0.07112792867733211,-0.11125900557317792
1.0187780622824536,0.5929720087328998,0.3657102117606729,79.1684177053873
-0.4215924631055032,0.9327436657082973,-0.7441151848351585,26.868265295598487
0.15025748544232972,0.27977281610693516,0.5608368189737696,64.06233847599377
0.5540802717509192,-0.051220919220466316,-0.7137645279619598,-22.15666264363753
-0.86368422258342,-1.8411442488922871,0.2876051789784513,-120.22126535834269
-0.8361615987576774,-0.08372788046318065,-1.1463758383599358,-72.1019248183013
0.13677512481017243,-0.024865384158477197,1.1460299811294918,53.840124646567425
-2.615895466571084,1.0693218144068473,-1.5325670595980867,-23.538452485134208
-1.27528005926679,-1.122295898377493,-1.4254640797415457,-155.1646308548251
-0.6514339073365961,0.47890877433036355,0.1770082499878706,29.40787296796691
1.0380082947871647,-0.07234112183042177,0.37542471237831443,44.19296548967657
1.646943963335862,0.18776322870089876,-1.0994701329261076,-25.663677649968825
1.487125264544792,-1.7864302061937862,-0.4821878439079925,-136.6421161371825
-1.465602219686002,-1.576775398472965,0.3438438140566468,-135.60351293434286
0.390587072807843,1.172713516456738,1.7140456238520145,172.54749482398276
-1.1388019038025274,-0.3535756925709145,-1.3429369605112842,-121.66793931500709
-0.22604800389619592,0.5976594041893162,0.5915861878709029,70.58723979406047
0.582653459939841,0.034127740340055605,-0.3194231820633649,-1.8073173101037159
0.07501214499397674,0.057702889194109326,-1.5817971671455149,-65.24501645844087
0.28827798644043173,0.042474730168905114,0.6671947491173458,50.60426996280819
1.2103079763466247,-0.4103960810635219,0.24174146499660368,-16.479061022254214
1.4286499977891336,-0.308640037618098,0.09807018510600862,6.423202058065366
-1.0877657414779511,-0.30517005215449283,-1.0958620439447126,-86.40585444390429
-0.4342179850585789,-0.5200136398506641,3.1607999933784034,114.26899948489505
1.0011271669143822,-0.7039629077645356,-1.0112623222323356,-98.42422206259579
-1.518843745475498,1.6673869814448172,-0.8204696837468775,72.42631453726572
0.3370314389441609,1.417598977488124,-0.12035502291206977,108.8839680966545
-2.2255960724970705,-0.5225892580567757,-0.23587818475151073,-65.2159435349678
-0.8581451676416936,0.4799805549921869,0.40506330995143036,41.02709469991328
-0.8468546590591941,-0.025357006865999978,-0.47689775338751655,-30.970997770936368
-1.4103227577642505,0.3340512350918446,0.10656244942197315,34.293894841143725
-0.8474294550726994,1.4073281936936228,-0.028444810422965833,97.14671413664027
-0.28316480676397854,-0.1466396966557359,0.12175132186693942,-6.7368772902697325
0.044367959100633424,-0.1677638060241748,-1.88163985405269,-102.26963071683059
-0.09206034978173915,-0.41240783055897673,1.5058921215148966,26.36581310043033
-0.9573729798074216,0.09663473698510236,0.1469740112394521,-8.332072089725319
-0.35464953377684133,0.49907769214534675,-0.14586838264073512,13.91302604867581
-0.13251701624544357,0.37609290877679813,-1.010432041373739,-10.173113738469915
-0.2755098230598941,0.17538170456474766,0.19969118120943188,24.834338781972832
-0.7817557399036674,-0.05268530475239698,-1.1185540373039766,-73.99254393899587
-0.16435430436080642,-0.7835770069754916,1.2428468768291516,-12.948399864313217
1.6270745958243993,-1.7615965333674284,-1.3846228695620473,-156.54280942347378
1.66567305848521,-0.3441771393322464,1.2810629142734196,50.2709291548179
-0.9670538588141293,0.16968366087203882,-0.8234543532649963,-37.93629333659101
-1.4828224159017875,-0.9299781325968332,1.1282482654177888,-45.18513387320092
-1.2470661643762837,0.25746472456047265,1.6987871756762405,81.52304602314844
-2.4438516801026604,0.38817540189110294,-0.5758113767621175,-26.590743781514774
-0.8626885984838201,0.4351268951720137,-0.7726925282035206,5.291365432767037
-0.44352497481165987,-1.198304766541566,-1.6943282018555357,-181.1412006917672
-1.1743162448468807,-1.3783032004745894,-0.24021378584199005,-134.50239889607602
2.0704449768759883,0.9319221574073449,-0.0784444746984419,79.79497194984064
0.45183477061374233,0.7538945980606782,-1.119537394062439,14.299796558701967
1.0195741751385543,1.6941728595401293,1.1023817762471873,185.56331154041138
1.9811775019684914,-0.26987230710346866,0.09568478527548412,10.729113358384023
0.013308365949410213,2.240014485591871,-0.14711962885030322,170.3313601351956
-0.3622308268848324,0.9962260409582244,-1.2854881586215476,8.579221947147838
0.4310879510971793,0.5477280486399188,1.237224216594142,107.5576884212904
-0.3861831342755198,-0.13007428862298556,-0.17803718561037307,-5.279254710295977
0.63295634978371,-0.16209912211881156,0.07654989809029714,-0.8597923459726002
-0.025308171823660186,-0.35124368421160085,-1.2797527113104001,-99.16922759000423
1.7296880298092152,1.978272368473181,-0.3083144614777594,168.9705191621564
0.5350007382276728,-0.06849934565892926,-0.32654508690266304,0.10668138132433569
1.4740977115961178,0.2864897481500819,-0.307263137778622,13.120392516575006
0.2263618669595704,-0.3113773882479033,-1.2548633122142656,-71.8370397030447
-1.1248928023075049,0.39352280475044255,0.2547652701618721,22.700298460240877
-0.1037485931528097,-0.5478649397603906,0.6604779638030402,-14.03760465169459
1.4937260330745346,2.0662783843443044,-0.48557907640137643,158.8215645200549
-0.7618175609168838,-0.08192970113869137,1.385341273607653,45.45867408594954
-0.4301379682351848,0.48322978770496255,-0.03957085273044777,35.740940755642505
0.7140925207856437,-1.5442846840719968,-0.27217240490549766,-115.54649475873293
-0.7155945603072643,0.8279726558401354,-1.1731186943010719,-23.890907407705477
-0.029601646390634957,0.42239979691957785,-1.0459696998150343,9.88951155439997
-0.9135691238802837,0.5024481167027629,0.9186742955346772,78.67669526322226
0.19960561250383976,-1.1111325121317064,-0.9969253047912026,-113.27102778969144
-0.07369622177018914,0.2876879332434472,1.0363689247690147,71.09644712665067
-1.073196018357506,0.07658113402783072,1.4512119226286178,62.73485481823728
-0.34761954760082225,-0.6915807073734808,-1.7348358391871235,-133.09533222995665
0.4892698415303966,-0.4568528555117507,0.8780526915579879,18.62498375378523
1.5502880155617724,-0.19195934452428062,1.0994163743066356,60.4722682923259
-1.3449647780715646,0.6542965632955917,1.122870757638632,71.7873423980268
0.929570818469157,0.10393801912886906,1.0107985695257753,69.54267374509247
-0.9645859437879359,-0.42733338953586025,-0.08237437814179795,-47.32646376106073
-1.5115932286453415,-0.5271147650815957,0.9113810080738958,-8.312992415508416
0.8809315909882142,-0.24142659711624712,0.17411653096762894,-13.148787761167931
-0.6763920677454417,0.879343592322193,-1.166994734717696,-6.196315450420883
0.28598493929189794,0.06290719034144826,0.1293259022411346,20.47868344277535
-1.077869249633222,0.36749347089824586,-0.5437060058021824,-11.520379369777695
0.9774764830581073,0.4811614221257861,-2.3912879170806374,-61.49724847782448
0.40040248718917165,-0.024208126762154187,-1.4705662651812028,-47.11704069143758
0.42496880820854727,1.4571392186008267,-0.8095110422577554,95.20900528246916
0.7482495059732777,-1.5433055049880793,-0.47455811140941856,-133.17683146976967
0.9075984837600186,-0.8088195985058555,-0.0820123850871813,-57.55969002601155
1.1229027963845037,-0.7674171829063544,0.6800738353121557,-8.142086811921628
0.681138499275955,0.5538886883197168,1.0789952030746157,91.2069468332233
-0.13953890728301155,0.8903912687326808,-0.6216886908909622,23.37491756813363
-0.16071764728273982,0.1344760532017884,0.22989311650890257,15.325599160257887
1.5395876982418955,-2.521316470508239,-1.4891435977985357,-245.55895962225827
-0.8652268112491814,1.3499154335660155,-0.09659879966981554,50.6444526377901
0.6405389510066383,0.1885344247511394,-0.9797493780560894,-23.826166919146623
2.2378679377231943,0.4162839497645308,-0.9730788039803974,17.129405496978137
-0.49025261684894894,-0.7932094216936223,-0.00052850651369696,-63.406969928249445
0.32058148893207017,-0.18121004834305265,1.0123595427585046,35.424425621815054
-0.5305955678844878,1.2416047515636595,0.9422109615286501,125.91188773461515
2.347738463716926,0.32818975152137364,-0.49264263264431,26.099371278597907
-1.0964094883358462,0.7279094695489683,-0.40157546867510174,42.21710428237287
-0.9567194101301297,-2.056154586732617,-0.7170724070534228,-219.93088515286752
0.6865690504478351,0.2905027989821531,0.23366244188462784,54.1777179114499
-0.6675164913042717,-0.2725057770409589,1.2150415508738652,40.039934317053905
2.3381204564392593,-1.6557174587928007,-0.7867426120086467,-122.58722512051838
-1.128912891463587,0.9529046938952558,-0.34058177556724967,46.54694849017969
0.5088344643970869,-0.02730296177761429,-1.023893092976214,-36.54737497233573
-0.08267162202236393,1.726207997805428,0.34996594108224816,150.8279505734058
-1.2094668040388148,0.4077485311683086,-1.8340696786614366,-66.34914470761645
-1.7389420525876667,-0.4780295621473118,0.17411096046856778,-86.29126423907906
0.383903367369821,0.2240433872347898,0.39748899872244303,32.87792300298972
1.5075238284217207,0.13960048405894845,-0.6406139632921584,17.31171009114916
0.7392273062369841,0.7982693221098088,-1.6829915699859357,3.3216780679808373
1.1668744404832412,1.4444296938442371,-2.133486742445162,19.399108343169633
-1.97986207710281,-0.1769371310534438,-0.907230247274097,-90.03638674778422
0.14962482172951885,0.412209974521916,-0.7952533014526796,-1.7776090966525273
-0.37898375509020954,0.2062495460033764,0.27789568308458307,36.57290034542433
-0.005761410924324348,-1.5580561329898717,1.3055792362255345,-68.06786965479154
0.9218148924358133,-0.7194187611460741,1.0451044203394646,13.974031513778678
-0.4597412617211696,-0.5628281045931713,-0.729335468246849,-80.09840930417982
0.5237905491478525,-0.32115334885660074,0.8829149632140708,16.679666410299298
-0.7764617946144913,1.3610637348649168,-1.00465376498808,41.024990549581965
-0.8914332584801569,0.9496962285942236,-0.411064152098769,33.64314871944412
0.5539274549005914,-0.6674183344410423,-0.07526460600874912,-42.96595759589374
0.014278419709079187,0.3951446788569614,-0.1272985363564439,37.55626720249656
-0.08487160280241729,0.39538984490393664,0.6106148332086865,59.5945428681187
0.3665115805648369,-0.3153482536890465,-0.6079314822921474,-51.671068288047486
-0.3251329252792901,-0.061884510328028934,-0.13360946454926917,-24.248643175762993
0.08559230541563488,0.805420519337034,0.009561981486964147,71.47403422606838
-0.10063631182379147,1.6720421018343312,-0.5992977949393424,99.7875791693425
-0.09794894838741972,-0.33533891725844744,0.6071041567971522,-0.8928168988657921
1.322827320207993,-0.29548209858317853,-0.022885205209650324,2.460767987684358
0.5683749395565804,1.2377298922314572,-0.3389924723146035,79.43956834983939
0.12325996435678262,-1.3137907224135776,-0.40712546181801273,-105.41238548021423
-0.6054491803412421,1.441798545730147,0.1255874152111493,95.03681072102411
0.1688331077403928,-0.3070602560650353,0.5634147967190734,6.162412555851972
1.4551141148115003,-0.07332931797703812,-1.0508076887239521,-13.267833275626238
0.48757661532516994,-0.6572547056315855,-0.13441808831957175,-48.59727021358648
1.238366438120845,0.9371236427485696,0.5110751682630287,112.29473241524572
-1.0428116291513962,-0.9938764499664334,0.25351531610311967,-83.93199884335088
1.7489388179025462,0.28771839003005323,0.051150868237576405,33.89629403163442
-0.04331771367055602,0.3040925372128609,0.8573924869239868,70.13230809874575
1.4728703023292407,1.12395375551686,0.15918060059770175,95.5780593411614
-0.6633267703007922,-0.9772270858337435,0.6275892285745571,-49.57704518498939
-0.7171089615127139,-0.02501989458647031,0.41394010070641724,8.188398305788478
0.6464446976308149,1.7970470107603238,1.5571838966474165,211.57184427490722
0.03854934582772283,0.6740618318438054,0.30504513649687875,67.0924871385165
-0.5934935122927946,0.10769429470744389,1.1333166553333023,52.079808205416796
1.1354217907002147,0.3507202590761248,-0.027304908525746747,34.199203838263614
-1.308025465005194,-1.1658128720218028,0.9290001483407687,-77.21696885029965
0.9811524090061045,-1.2157832006434661,0.7966922780595935,-47.31341085791148
1.114841153409891,0.28634156718028025,-0.5967164757866023,35.34944508786366
-0.7093370856618272,0.6085792595427181,-0.34900770031245393,42.799116696751184
-0.6009923554563745,0.09504108202955446,-0.858770284700646,-41.60107241220301
1.2872575333694267,-0.2468839441640331,-0.19130538601801306,-13.715328942054583
-1.4573485453503718,-0.5353495259427584,-1.4179477751966483,-119.79179593102292
-0.6893781453603438,-0.564232279902355,0.4421282686857991,-12.303616466343328
-0.1886725862612827,0.5965866467878371,-1.3395228273550102,-13.994714774809529
0.2223060037502635,0.3347013901155278,-0.3360501215245417,7.624012118522973
-0.5580468111580655,0.605547057155889,0.7213842336813714,63.81239836907549
0.5111367916123729,0.28482972167876663,-1.0117873978861116,-15.959193485273799
-1.6380886956997227,1.6483859656904145,1.6116524808979953,167.17039112486032
0.6499569804839921,-1.4190335266766454,0.20477614303044364,-88.3366664801107
-0.7188427838799081,0.7705570679469926,-0.4107078581909626,40.3979150688833
-0.04380017935773659,-1.2583517331885679,-0.5987682668976266,-116.26681942500892
0.234452959743186,2.2735388538664743,-1.6782329182157867,96.59599731147215
0.6531669178548895,1.4282623336280584,1.4848812014231647,172.09955270747892
1.3660452958466576,0.2832556402390461,0.0766368877665066,53.7426165652029
1.0267965072050889,-0.0391575453158347,0.515813217406639,30.55284309858861
-0.3108684251809606,-0.9671416017601827,-0.1271699554101862,-87.36208879393712
-0.1413039249587078,0.8258533512150755,-0.49843124007531187,38.99753843436788
2.0737460351909065,-0.8091306453955868,1.1351213778258047,8.042271386420715
-0.45739287417166213,0.07806811718581624,-0.534473391766583,-38.06768314888157
0.20401537192334956,0.1134539094990627,0.6752469054496506,46.80998538654284
0.830265996242056,-2.2619958385626857,1.6483457729182898,-107.01894626459917
-0.820788832490228,-0.1459053671729581,0.3086453770835061,-0.9091546315358237
-0.2719382798235332,0.5277906918451608,-2.4909211828439317,-81.38622746693088
-2.0976795613088717,0.897447420750926,-0.27152810704897995,14.655152975224432
0.11429242083857867,-1.0854114939433865,-0.6436185221479597,-101.64943527328988
-0.2576754971344604,0.8418712847311214,-1.2261935942787718,7.759248146776091
-1.0329145969609606,0.9415591433180487,1.8800085064386658,150.49829421865493
0.8415762271523393,0.9066240786982332,-0.8933893324479975,42.03772803510545
0.38063339566374915,1.4492478532624882,-2.0810044816184936,7.948823943032526
0.5267765206065117,-0.661901127962289,1.0377038676232704,7.033696810478844
0.28798451050517715,-0.005714203851376604,-0.6579411385676638,-22.159885393616207
0.4528224245558535,-1.1551638636171655,-1.397763210322046,-140.3584745229765
-2.4222637956508777,-0.7127511663938262,-1.2199694891494828,-140.93812796562176
0.44593038561448184,-0.08372568831923792,-1.82901523913301,-80.81310781443159
-1.152780419708826,-1.3054513704875799,0.7877123480693496,-80.0551831253815
-0.7006805288610931,-0.5857578596911258,-0.6821159557300943,-91.53354134317769
-0.7142589344100262,1.3384767378993496,1.0420635656363302,145.68310211952289
-1.8475419414898844,-2.4979903785209476,-0.2748939055517205,-242.0476231845373
0.24585456808420592,1.0650469497704627,-0.4923407667185113,60.6289479059708
0.23248244738078325,0.29448632687252785,-0.38769513158801194,6.202059938870307
-1.7212155689389135,0.22372359685304508,-0.5850586026232346,-39.684227965893044
0.5740143123108947,-0.39960328618825613,-1.3929699476010597,-74.68271772037185
1.1396334281401221,-0.25173047089666806,-0.21223432750809923,-9.439185485777129
-0.03428490899409075,0.5671600828101679,0.048727559795960516,43.41004972894694
-1.9595783982505786,-0.9182698154409179,0.7749633611515364,-79.60384707149029
-1.5973136407659256,0.1727551675103759,-2.607765494974253,-124.88419913763472
-0.9213074461169098,1.3806258895983357,1.2833380722930927,142.26492729896378
-0.9680168332600582,-1.4216036340075329,0.45077068979367124,-124.10168145773892
0.12018154969152915,-0.4369433845536433,0.09405912250250462,-34.674030128556296
0.7152523799578889,-0.13139550839207745,0.23412211795647775,17.919555279659
0.707613892513097,1.651990192146998,-0.29842582494644243,113.70780469857118
-0.3205347050868754,-0.2704942002115471,-1.4141782930097901,-87.90651522681104
-0.5152646173455053,1.094951149837134,0.16647307963134164,65.21995639705706
0.289602141080024,1.871610077855904,-0.22179963310867604,134.0369606530951
-0.819446658798222,-0.6578405059174863,-1.0111651626209157,-119.59441056504579
0.5229071678846443,0.4086426440792988,2.028351242782865,147.60336790614903
-1.4269631236921323,-0.28710290986397685,-1.0644474803450183,-88.68578491404067
-1.4260874246077235,-0.4532440697210884,-2.1813490836128606,-142.84849363798017
0.4622486556026422,-1.1105039767797533,1.5311542605510342,-2.7100022815978964
0.9506111744822313,0.43871047708275274,1.814948511906063,129.54741374806667
0.7818039490437999,-0.4389536965845337,0.5197545770425601,2.9583350541784226
-0.65422907213427,-0.5776601915397127,0.08399423881946741,-32.768675378578635
-0.5163222799841437,0.8247853778121237,-0.029011112744848012,58.10093871837779
2.541732732411647,-0.026270194135288177,1.4079638852878498,88.93388979662352
1.0696135399270719,1.0916586568031184,0.5764228943287003,126.4718334967919
1.0230120931610136,-0.03222048706560037,-0.4280640872589958,-0.8154405077705995
0.8647719022347575,-1.1935915156248378,-0.5727516685329007,-84.19581966758915
-0.46282560587980265,-0.445703901418374,-0.4193222586725396,-62.27395362992727
0.46624257022314114,0.03212810860084904,0.14856019559749337,15.921900920296578
1.3550248107766745,1.0256468268325987,1.022460951261276,147.466381265929
-1.1795440350243045,-0.9671899751266335,0.28231149029901564,-76.79305139934078
-0.7236044442277968,0.5332132293649526,0.5060700943407207,44.35014617578862
