Feature 1,Feature 2,Target
0.6816382113018546,0.899974232945529,1
-1.9859480422039242,0.2608151173815201,0
1.593216979331478,1.2726787835082196,1
0.3713903732100945,1.9663260271624063,0
-0.18130989149361665,1.5447391674025504,0
0.702544350625147,0.7841823734374536,1
-0.3592552898110002,1.5564441884813047,0
-0.656256754003676,1.2144192831685672,0
0.1816098350658215,1.8461589274552148,0
2.0808706855659684,1.4548601128918506,1
-0.8378655510153895,1.2260798198553693,0
-0.5289323794691738,1.2390160660980076,0
0.949781701053144,2.42604579955098,0
1.9394637781282382,1.589029687546498,1
1.7986638145640996,1.7705092588692424,1
1.3657638500818114,0.7520936740684137,1
1.2101124871478852,2.6671071056108944,0
0.6951996210242815,2.2509923797858886,0
-0.4436247404909146,-0.6761487859456419,1
0.03818838682923409,0.5332953992102176,1
-2.6062055778656545,-0.18486290251293602,0
0.6091233522944632,2.132026850676815,0
-1.0482832954585692,0.8600566729599145,0
-0.5637013071120347,1.2429439284542216,0
-0.4865674914126914,1.354501207675942,0
0.5058174980238469,0.19124403315340377,1
-0.7264521506447073,1.1287508406894635,0
0.059131525747818436,1.828723383439172,0
0.4582909631968233,0.34871262480704956,1
-0.3325459409905869,-0.12827923224081128,1
0.7250653399903436,0.5696760842119875,1
-2.4268772331269783,0.15785964274209596,0
-1.7034195078397705,0.5537433585300345,0
-1.5576853929171919,0.6333553396970685,0
-1.3486647894985944,0.9031296574092756,0
-1.797343335593077,0.4551024566454911,0
0.9379412992979419,0.46095038143888245,1
-1.062011852237247,1.1094635875879648,0
0.8461329766537586,0.47075207209680725,1
1.9648989117893918,1.405598752804881,1
-0.75487174879978,1.0539119446298129,0
0.28356101756971164,1.8673176060852659,0
1.9297598182002962,1.7543186766427121,1
2.1762313629762504,2.1085281634046757,1
0.9646852477652121,2.4318274943962765,0
-0.21772186823198325,-0.558130862244699,1
-0.922644343399879,0.893316463751637,0
-1.6009450564444148,0.6435192360082723,0
-0.718427491617468,1.2165592041480986,0
-0.6376312987984256,1.4249710644240552,0
-2.0798971552312686,0.21028740037264515,0
-3.102618733440229,-0.49730472906196255,0
-0.507608347299197,1.3126440540569249,0
-2.224083147676266,0.22175502261926971,0
-0.016053854758267594,1.5960152222487511,0
-1.4240811404169529,0.7190401466493375,0
1.1930058317525485,1.4918313737973068,1
1.7571329078373388,0.935313173313852,1
1.63804364333062,0.769413931091213,1
0.9354654213686153,0.9199470331743256,1
0.8352325650404016,0.9593695002892462,1
2.522355207734024,2.5032227484007388,1
-0.3944269247968075,-0.3999253928485875,1
-0.40015866584922044,1.4479492014633522,0
-1.4201777242637188,0.5840180455504675,0
0.23021881806581757,1.0311651890219964,1
-0.12687515259560733,-0.1227503072684164,1
2.3108699430199464,2.146378138093688,1
-0.45710664878649077,-0.15612946217354318,1
1.3972789880700272,1.0610128204205351,1
1.0106651608894177,0.8556089619537687,1
-3.1329724734029982,-0.5467112134300574,0
0.03445294176317937,1.6409920514237533,0
1.8188576445631468,1.838915579212841,1
-2.861776954735763,-0.31377474517310144,0
-1.909740913873189,0.38627454271921047,0
0.1979495418332673,1.8502012855273888,0
0.5566651260301447,2.124831525699665,0
-0.8073549274882734,1.1116444733999635,0
0.32725796983576116,0.47959499638322955,1
1.1145490975727388,1.3336065715250869,1
1.3255879745108055,0.8077342093458288,1
2.5681958777600506,2.5288177093063946,1
-0.1947501769069221,1.6063217959402107,0
-2.613702962190022,-0.15605843969002886,0
-1.467019850332535,0.6733751927684998,0
-0.49281188361980566,1.390531112827441,0
0.8415080970876485,0.8148549657601145,1
-1.0317479337505469,0.8350859478143399,0
0.04719890429189566,1.6542237673992166,0
-0.6649786372134154,-0.7527716620028824,1
-0.621910149606002,1.3803225784813966,0
3.4356535987261805,2.1680334449878096,1
0.6004578299411298,0.698283783544005,1
2.0810665369222137,0.854637035531653,1
-0.9606804844459075,1.0195685166123047,0
0.2140073751644126,0.317380338593215,1
-1.7511327329999096,0.27008883912674575,0
-1.6257075085034658,-1.3565917257332778,1
0.09992289716000013,1.6664502253083977,0
1.3529761607107855,0.7318848596362137,1
1.5808415972478533,1.9432325334266467,0
2.4186213751363916,2.430237521068352,1
-2.331966707921256,0.09814283676908597,0
1.4119339690490693,0.38923885858279916,1
0.8358781428290272,1.0319698400820752,1
2.706524547287704,2.321802114527256,1
-0.055337769849632235,1.6583654629227491,0
-1.631196150538019,0.5487286532880805,0
-0.4900154816993325,-0.8364496066109579,1
-2.868469887865751,-0.3399224622910948,0
-2.2551552038050358,-0.013638949853512106,0
1.6428587299952597,1.2524611051772183,1
0.4659762447606126,0.09693146233423389,1
-0.6355800146531316,1.3117708458013047,0
-0.7051848963343347,1.3346225065011499,0
-0.1465865989347901,0.39743417327832753,1
0.3724596501995163,0.679515600980158,1
2.153956218571512,1.958191468272473,1
-0.9379755236585651,1.0570090432590122,0
-0.6087013244012328,1.3731014768136234,0
-2.462469452080071,-0.020521749539374134,0
1.306787928210348,1.04436010798771,1
1.8391042147099526,1.7991500051494982,1
-1.6245428177731691,0.4634232226822307,0
0.009887632279205305,0.20454011249528836,1
0.23103098439122893,-0.470366231507392,1
-2.033422094716944,0.33933694069265297,0
1.1634786508934496,1.1963293250332214,1
-2.2763727124552453,0.12747815154755293,0
0.9367933886402324,2.471857273616945,0
0.38753503894336383,1.8662683053964684,0
1.3481592180955708,1.0064600996161164,1
0.6345879380747577,0.6944408579197785,1
1.086617467967435,0.8848269668924641,1
0.6605223740322685,1.6413791826327704,1
-0.2777912318199467,0.5688423182151059,1
-2.3273213398669577,-0.02254605728416581,0
-0.7125866263498934,-0.04265686681320102,1
-1.5554638250234478,0.47876972195874723,0
0.26067090822585626,0.11796448136013804,1
2.1289591548046722,2.093829591157207,1
0.2501582856596781,0.4516036887513689,1
1.706986846036406,1.8209597770395178,1
-0.01762525507383461,1.7136140121775902,0
0.9202011828178907,1.0115868220298205,1
-2.052359388073656,0.2737140769627151,0
-1.2180939030689555,0.656629582294155,0
-2.2639022604519496,0.17412483494913011,0
-1.6305674032667312,0.7229358492363307,0
-0.9711465542160165,1.2060617265831874,0
-1.350799644261302,0.845318334586276,0
1.4495107677484917,1.0992655242461573,1
1.4155464771683879,1.5574568231561523,1
-0.2689696191206402,1.480710185404536,0
0.9277915283251486,2.273590350990646,0
1.1270968720716439,1.420376052723783,1
-2.360371003370962,0.04118339161479434,0
0.8202182319621265,0.5343309890859982,1
-1.3168684327344606,0.8057421309365538,0
-0.3725725189969722,1.5835293586795722,0
-1.3732428225668358,0.7090480453189754,0
1.3475380060672615,1.5454222543075318,1
-1.054807228055627,1.1169531282166694,0
0.5997237832778666,2.013307730120666,0
-1.4971298424261175,0.5865469235597085,0
0.039667523618482914,0.1983003943091104,1
1.2223193338179095,1.4244320019434278,1
-0.9539392366355821,1.0024818209631177,0
1.1947538256975043,0.8989395093894406,1
1.8813451271516959,1.8305607732250813,1
-1.6797608292616066,0.5810148097666423,0
2.4437503559025373,3.5120094473092154,0
0.8783241475893244,1.002686922229348,1
0.6555161845773235,0.5730882170109839,1
-1.3684885101096846,0.6691119212268244,0
0.5578282434147773,0.4623682850522365,1
-2.344848594828292,0.21377135031278538,0
0.48929862810820657,2.124608284016384,0
-0.3775593277098115,1.5221873899991287,0
-0.9492843320338955,0.987814161924878,0
-2.2812199414119743,0.10763922118978086,0
-0.30804709496532157,1.503311183641037,0
0.800934733703668,1.4612916280675725,1
0.01136058748112112,1.835876028936231,0
1.088328600336022,0.557450988365243,1
-0.36253012064874146,1.559351229337136,0
-0.12003932002479978,1.7429022587755723,0
0.3317281640914713,1.2820665608984736,1
-1.2955839079272562,0.8066789261036122,0
-1.6442567450587835,0.5791018662516447,0
-0.47259886707021415,-0.39978421934955133,1
1.7056741864907958,2.979970350807948,0
-1.7435495655084958,0.4408681808891779,0
1.59889956646717,2.9121245989391253,0
-1.8894974035995518,0.3799255318513861,0
-0.01703279292990656,1.6558145719642217,0
-1.291938375601343,0.7845723460300988,0
-1.035634386831008,0.9776657859613564,0
-1.9039563599810552,0.39504967797347823,0
1.5058629546431066,1.1551101530670396,1
-0.8433150887551872,1.1470343945643875,0
-0.6891430978012886,1.1420127570355532,0
1.8672884369861342,1.7011197964022489,1
-0.6992395298108128,1.2428336728910905,0
2.2393150327483706,2.149089234291549,1
0.1318486897766451,0.1575285731854016,1
-3.4096793533578027,-0.8302940465277104,0
0.3603182589135251,-0.44285217386534015,1
1.1485650149461448,0.3327634336543994,1
-0.2974988894516357,1.4988393203785233,0
0.6413592741396799,0.5876118712012632,1
-1.082414912285404,0.9030295787635788,0
-0.8635298411750297,1.1308572537565955,0
-0.36343052991816216,0.046121109723248566,1
1.3636722061709614,2.663403171502358,0
-1.258223204539294,0.6494229800438059,0
-1.5749694245048496,0.5983752159485248,0
-2.0203042550267796,0.35452992095551816,0
0.7902375685370315,1.2966591973698924,1
1.1049512318041068,2.0271142049952657,1
-0.008752768357028873,1.712321392023822,0
-0.9646141872913533,1.1136236504665542,0
-2.6600456868912152,-0.2021855852696408,0
0.46217144504683594,0.9628407012238803,1
-1.2867889243788628,0.8652800137327248,0
1.5760303395091284,1.294000933438599,1
0.22830853885628688,0.6303693809958857,1
0.5517992974935324,0.561648002812856,1
-0.20229333183337217,1.5852637480512513,0
-2.069167979426,0.21921200899743276,0
0.8655505559665048,1.024152703880789,1
1.9044748806636667,1.9892963210546846,1
2.1499821846190255,2.3600768269849652,1
-0.07592785846440897,0.28045712758991403,1
0.9161622689239317,0.6091550430352948,1
-2.413067852545572,0.03422667743012475,0
-0.27647759377490644,0.3734474899953315,1
0.8376274878649588,2.2168264251791774,0
0.7304949811772532,1.1890007020378155,1
1.0404849791233957,0.42230750840325293,1
1.366311141250236,0.6904400488397074,1
0.9308147829221289,1.135041665765518,1
0.3121432791972105,2.0860117751756793,0
-0.7698211444485816,1.1396648195592898,0
0.7535864962819568,0.9088922616248174,1
-1.106995615592786,0.9035578316785056,0
-2.1350516948800116,0.17209114607024278,0
0.9872525658606022,1.5283277807707,1
1.2951890530829997,0.8315128550068052,1
-2.880333256734821,-0.3071595498056334,0
-0.6237666555539543,1.2475654758259362,0
-0.8604157990227272,1.2102109735036408,0
2.447150988201794,2.329728491165819,1
-0.696979383762339,-1.4845916760196811,1
0.25441242418334786,1.9818506537848681,0
1.698387396547802,2.072181475968278,1
0.13813468466124168,1.854117376881098,0
0.2724595953862221,1.9260759245414876,0
-0.5630998845516499,1.4477083074784884,0
2.117152675958714,1.6799457369293038,1
0.4499886901840924,1.9752180206585797,0
-0.8613220176471595,1.0453831290015774,0
1.1350203347578913,0.5918065483192791,1
0.008723999084659928,0.15004588841084754,1
-1.884637944176467,0.3235078588672271,0
-1.0721688915331433,0.9150622038962837,0
2.2703221880589344,2.970822596723952,1
1.2422779376729989,1.6618408428394704,1
-1.6313485184777887,0.5650544816220975,0
1.0561097679982883,0.6576499625712919,1
0.9805763753694872,0.8210533785121097,1
-0.8793119919055058,1.0756770124623056,0
0.10950596378097899,-0.616737529009296,1
-0.2669486039385043,1.4837492041011329,0
0.034013760455001596,0.12065518789746044,1
-0.19982223647245367,1.5739514157486951,0
-1.251638879876816,-0.5496007557542977,1
-2.640477922289206,-0.119855186535478,0
1.4674556258826792,1.0229491284658656,1
0.19615746338736084,1.8086841666238522,0
1.044502522188134,1.55589462162941,1
-1.7969582597918465,0.42058534876909404,0
-1.0306447947045456,0.8990567954433131,0
0.4246281412816667,-0.11320308289216907,1
-0.6689035990971979,-0.6329896190454525,1
1.1805819944240539,0.7818011608401478,1
1.9594427879253413,1.9119960191275265,1
1.8452755324030123,1.335010426028484,1
-3.501171951657061,-0.7444348282957867,0
0.2773362734969489,0.7997344192171119,1
-2.589523682801482,-0.18097504992005886,0
0.7147494630907586,1.239495479977581,1
1.3109903155874405,2.580883681203064,0
-0.5019996950696476,1.401242162424572,0
-1.9395861010631368,0.4525350531246819,0
-3.370492307646038,-0.783879180961792,0
1.3401331178584792,2.6737700924638594,0
-2.1605128788800467,0.2247665808606807,0
-0.011900249285817344,1.7112612055851677,0
-3.1471994264974885,-0.4489840904756397,0
1.1904074809390104,1.6749351344456596,1
-1.6003210070635039,0.5847443953510543,0
1.724327416086573,2.154297349312217,1
0.659621839978021,0.13476802342366656,1
0.8067127586440515,0.3086112691778391,1
-2.4389296913633047,0.0586544041322854,0
-1.0882876022003465,0.8912393733748102,0
2.282521524026806,1.1685362594089115,1
0.7103240703035425,1.1348826682293374,1
1.2299803427497062,1.0017746970003372,1
-1.4583343131415154,0.524925243266806,0
-1.170592998197861,-1.196150209872072,0
-1.4934673753109504,0.73145583543593,0
-0.3935573967816206,-0.14170766617581187,1
-1.290615692298092,0.8715997529577939,0
-0.16579688058525854,1.6311606391119884,0
-1.375402407219548,0.6512767005683715,0
1.1929892381932117,1.4709695238435445,1
0.06716636986615243,0.7160472390396148,1
-0.14750363926131582,1.6994852715237063,0
-0.5740657718184371,1.3607090229386785,0
-0.2869191446660312,1.3631277535881305,0
-1.2764372069206942,0.81709219704431,0
1.7027797941706888,1.821453130079928,1
0.6674562586616153,2.1660800004418377,0
0.4712078932160465,1.168852801907804,1
-0.815015846919511,1.1220505609654072,0
1.5033059390571883,2.0383054989545486,1
1.6230126623524614,1.3065081391712625,1
-1.6971292726834162,0.5133016879442929,0
0.12556659281585003,0.3647966830382554,1
2.03356323324324,3.161000128263483,0
-0.7285562565339903,1.3092917521729373,0
-0.5042100937864658,1.3493372894649356,0
0.8565428637538135,2.415665144715569,0
-0.6426249567048077,1.253597265270692,0
1.1302218831627022,2.1396211199617143,1
1.1796253633040423,0.8966538514251413,1
0.017779737107319393,1.7347201321894368,0
-1.4398720508298213,0.7677206607863428,0
-0.1793685336459645,-0.5667736594312163,1
-2.5125230544842854,-0.07696624266704477,0
0.06123846374726549,0.22113931661591968,1
2.9129421164845013,1.899864439398503,1
2.3327668488604063,2.249459902623741,1
-3.4131552026636185,-0.7012856509195977,0
0.04693695539445253,1.8523050978888151,0
-0.6029801704082483,-0.8259034351013057,1
2.0421298643280448,1.5803065050872473,1
3.226239100234078,3.2218617557256213,1
0.7142576339605524,2.1097830277556326,0
1.3042796171199482,1.1027037556036674,1
-1.2523736784291233,0.7261811438766083,0
0.1489607246523621,1.8202471781487344,0
-0.25943701154307974,1.6147866891122487,0
0.6877189792011082,0.31059529290504495,1
3.051058021071886,2.5090592208996423,1
-0.3485924747633743,1.405965457847362,0
1.7827501591378345,1.8030986099125559,1
2.318835792465487,2.829209222302148,1
-1.7137906807061314,0.5706812602308876,0
-2.8353134403714733,-0.3060468528653233,0
-1.5137617184294152,0.7251532642077542,0
2.2213878651437033,1.9126965535821894,1
0.13644527090690017,1.8560904817251616,0
1.1527813985342623,1.0277294994640818,1
-2.1455311023229924,0.23207219251812372,0
-1.9222505848182612,0.2308414934170473,0
2.260400538705679,2.025769734879562,1
-0.06813223858996698,0.6137413185640438,1
-0.16364926802259339,1.6643686138355542,0
1.7736085759419873,1.6435237045566293,1
-1.2955713292300683,0.942282409571148,0
0.07684284615036108,0.6351977783832061,1
-1.952383007241044,0.3650073051907612,0
0.6573007199499253,0.47913831603810975,1
1.2770231939849161,1.5428483459960065,1
0.06268460855437152,1.6717519475098022,0
-1.625491978684089,0.47842511042358793,0
0.3675497999355932,1.0581816717188457,1
-3.423745807575859,-0.7392181688794892,0
-2.849363142191964,-0.2564835436557318,0
1.1194670076231035,0.6608507032928632,1
-1.5812590802542288,0.743518547576744,0
1.0118357403322271,0.7628647022619726,1
-3.227842802591512,-0.48473274468118466,0
0.8461819275040631,0.3838252985815549,1
-1.4971803174627878,0.5777919393427875,0
-0.02871641022058169,-0.6038624415360481,1
0.10787893092937839,-0.047410587977543495,1
1.796698408377326,2.0301277462019134,1
1.3464448921285335,1.355690724460831,1
-2.6247413089979093,-0.07437209912571507,0
-1.7626392940393951,0.5617933973258489,0
-0.2742831081189254,1.5329806397354697,0
1.138204156282201,1.1344111175831841,1
0.24709321011585983,1.7909514821834236,0
-0.7665048661905415,1.0408521625855003,0
0.6490002452706256,0.6474715663895354,1
1.5017849415638977,2.952808764456028,0
0.6526227602385628,0.7088142567401565,1
-1.8861455908967195,0.37400722539287945,0
0.5562242654201657,0.954551531546359,1
-0.04384366707841503,0.1738440373405583,1
1.8247931240983988,1.6186357729157386,1
1.3281715710793387,1.3589911697423718,1
1.3840284681608104,0.2575916426349023,1
1.4227203894930964,1.802057291911057,1
2.0742448270216314,2.0236567188323074,1
0.5567963821948507,0.7063071959937361,1
0.253423618906198,1.792552793972904,0
0.9876839281414732,1.2978847006754193,1
-0.9802991811146141,0.9482753299507528,0
-1.554536782064451,0.5783228784066892,0
-2.8278364354959438,-0.28115063895540526,0
1.585432661556462,2.522920226652219,1
0.32359603959926775,1.4502688567831779,1
1.2030988666027134,1.8424557588661112,1
-0.3431028457429789,1.4541725073438303,0
2.255730695050123,1.924537460230808,1
-0.30556081159423365,1.4655854723636825,0
0.029318077953777832,-0.2460187178675004,1
-0.822007758127814,-1.322827849328768,1
-0.2592467864540404,1.5663547299594347,0
1.1679173842857447,2.0455561995364695,1
-1.0986687975870804,1.0603450225033706,0
0.2516636327289319,1.8670606041450992,0
1.3476777904891664,1.269757659078874,1
1.0341623808401987,0.39118663722089075,1
0.7013984150216461,0.9731239142515788,1
0.3375500323573686,1.9409547461364693,0
0.8093510443279079,2.308885192611128,0
0.9727726547400986,0.5974332772003187,1
-0.4278403126902396,1.5682536085436827,0
0.6641334603818001,1.9979234561936858,0
-0.801181010955441,1.1930060038467163,0
-1.3034538177278916,0.8760610026470339,0
-1.0790514871663601,1.0567167059219331,0
0.7880507200482878,2.152673747175159,0
-2.9961270167115286,-0.5148553506741491,0
-1.288078171229841,0.7269771077402206,0
1.2317559992023137,1.2980547571449943,1
-1.4062680575971958,-0.9447084226578899,1
-0.15057628381823895,1.6221980048627365,0
-0.0815457514494704,-0.7708044046624698,1
2.053574050071026,1.8519463123859328,1
2.6894762907916734,2.3802020815506264,1
1.4074217912738194,0.764088958936901,1
1.2014791730736782,1.815529843938524,1
0.8677803100684798,0.3048445966230654,1
0.04125885626816117,0.41089201322507063,1
0.8640497654372601,1.2216318924150595,1
1.3119242442659695,1.4918902380697971,1
1.8696391427926258,2.485337686733896,1
0.5896818281437102,0.11119421003684782,1
1.8104853666863878,1.4249476466114372,1
-0.9658026176805463,1.0518066149128582,0
-0.4162313264160534,1.5454091688748248,0
2.7698426702865415,2.791925108632735,1
0.3805778556460261,0.4342239557686546,1
0.6982487690836796,0.9468826266291299,1
-0.47906818434651477,-0.3455569007663224,1
-3.667588022087605,-0.8030709903955748,0
-2.560968149658975,-0.022520877149622587,0
1.1038953468655017,1.4181942120498106,1
-0.470111282715582,-0.5042243322687248,1
-0.1585573701168177,0.1049905475650027,0
0.31752236030929315,0.5173124934889577,1
2.265350246646006,1.8925589338786775,1
-2.0321479877921886,0.09369823727901627,0
-0.34896395225539756,-0.43452696263560053,1
2.4574152986296256,2.1578318286699743,1
-0.10510187979271701,0.06493069366650339,1
0.301864092770741,0.8746642046250583,1
0.9604014515928797,0.6782302717583379,1
-2.452096192329802,0.09167430736077231,0
2.1448411091903705,2.2599787603839134,1
1.1400974182703285,1.2591851037695188,1
-0.9150670328514263,1.0738002719469841,0
0.15810037854442238,-0.08608612752364664,1
1.5943478096775099,2.3708518216885546,1
1.6579134370298978,1.6410101269633521,1
1.0482783648941802,1.4996474013676522,1
-1.4085068576231787,0.6718007281498451,0
0.6087609784416863,2.049145672262761,0
1.2935799638361287,1.282583937327382,1
1.2715633146573784,1.148326079611098,1
0.2134371708217213,1.8057127006655258,0
-2.5579887472289533,-0.09729527270799476,0
-1.3554151061311934,0.8887496608881713,0
0.7711416413325456,2.1498690426300473,0
0.02990459455743011,-0.19668261506501894,1
0.4625221965165143,1.0107839924054396,1
1.3192370357160157,1.3009282240275533,1
-0.17299409282476685,1.7008239022733727,0
0.7131812309540828,2.2059441347575435,0
-0.34541656019217704,-0.5867709449561405,1
0.16980671341495557,0.603258349356798,1
2.2914469993335596,1.9414991074578238,1
2.0825882369934328,1.262753499425321,1
0.040863692662711726,0.6813718433824267,1
0.806614756115357,1.0466315550179874,1
0.8228459390183966,0.7122305633734679,1
1.127561225060366,2.5529843234791865,0
-2.6577491787645506,-0.18866281692138953,0
-0.6936066601229273,1.1189460276787284,0
-0.44314378884789807,1.368890796601041,0
-0.2537879278384769,1.4990217003401018,0
-0.08888153604317717,0.0924722490027784,1
1.440656399308451,1.478257497219876,1
-0.8257883271457849,1.168514152141398,0
0.07061826630795531,1.7821900238484303,0
3.2680616467898007,3.6208503401093735,1
-1.2350086325871796,0.8290272040300295,0
2.562814185089056,1.3830565141008848,1
1.217395590785158,1.3988791401852878,1
0.2923454908306653,-0.2943977620453435,1
-1.6054457221296539,0.547889992870586,0
-1.7785211476213765,0.5779561509636021,0
2.033138197328701,1.4846046661163896,1
0.8061568942153181,1.0774535199091664,1
-0.17108370668627915,1.6510321104598624,0
-0.8032830695478448,-0.31685206903240015,1
-0.6891051282954179,0.03836943285291139,1
3.6783595510544793,3.266099913378818,1
2.084191584005366,1.4462781198684405,1
1.30167982379066,1.109373400679017,1
-1.2511461611338273,0.9945626382294053,0
0.7410228796343448,1.209054708177503,1
-2.2491450203283887,-2.3057470908819053,1
0.07518189604124237,0.29411535306175907,1
-0.13173908647899846,1.8153675384593617,0
3.5412481737027512,3.036273336122975,1
-1.5893797227557622,0.5741196566073955,0
-1.0344291877094955,1.0020395166219758,0
1.0022326098768684,0.585553200723985,1
-1.0596679236305122,-0.9800407451598185,1
1.302111250313665,1.2426648234442543,1
-0.5060825048662747,-0.49988523919484007,1
-1.0037973590744311,0.9221735574122802,0
0.7626632065465512,0.8857555079698077,1
0.8546832571685408,0.7996633277750286,1
0.09443990486418585,0.09766097410340313,1
-1.350873302839236,0.7689300741555375,0
0.05217815108816093,1.6704366144688414,0
-0.1908485457192406,-0.325066418445801,1
-2.0632333094199606,0.20383681971500223,0
-2.1746296327112025,0.2064481761042647,0
-1.0978195512618802,0.9181479755252322,0
-0.5645316076268179,1.2461251685790193,0
-0.8073711073359917,1.1424144812846535,0
0.8509596074093627,0.7460664767195002,1
1.8222417215833269,1.8059611646156808,1
0.241692531111398,1.874031599399572,0
-2.3419020044001417,0.0011791974816786066,0
0.09553869526645098,0.49693426897642734,1
-0.8396771717174355,1.104182995304546,0
-1.5764323272286829,0.6288447607072074,0
-2.5849346462285334,-0.16620689712880798,0
-1.0579201961129074,0.8458108841865227,0
1.7082636662068358,1.088478204203847,1
-0.24707069891661426,1.4397813613494357,0
0.055633831058108596,0.6081563062112959,1
-2.807748651588636,-0.3024340308581652,0
2.255380104999032,2.3507863027263376,1
2.2534713711385765,2.041579358416807,1
-0.5014342469843995,-0.5748803904116548,1
0.6407753535047922,0.8162837910162846,1
1.6494089033413366,1.0716794305269848,1
-2.8850907651428526,-0.3120363978870211,0
0.3446081929398639,0.6102473820673194,1
-1.2449949845468669,0.8955283159828062,0
-0.5257446007151172,-0.30331554820349504,1
0.1092269965440773,-0.24382486896392308,1
1.1327414381511707,0.353155658827338,1
0.18796354374661517,0.9421910557234113,1
0.4484271474581276,0.026593498132393645,1
-3.657988496033622,-0.9161538937932825,0
0.18192424415190445,1.0321151473295636,1
-2.6475895386880226,-0.18212631644313415,0
1.4046734861511156,1.4964825817618217,1
1.8387542111618584,1.7890152873968397,1
-0.7442807733476997,1.1262242920306351,0
-1.0746841274012722,1.1101216206356728,0
-0.18395781248141818,1.5859364240620843,0
0.4575476173234063,1.2344848195284865,1
2.1251250871603213,2.3128439817201976,1
0.18587964105818877,0.48726408105067387,1
0.10738930821084902,-0.023436063371120364,1
-1.8746931932981896,0.309694792787541,0
0.9264359312310915,2.3690267354162877,0
1.4800262101372814,1.6171852582235817,1
-0.3970273380177922,1.6058460226594038,0
1.0645872490579495,1.6546727967334363,1
1.376275115358856,0.7361748827647109,1
0.9182858191982826,2.2588043739249244,0
0.6427108084111619,0.8717766209470696,1
0.4541354725819955,1.962301703371803,0
0.6189689392876896,2.2089945774832693,0
-0.44596496762967375,1.4891714698614598,0
0.7518218453119359,0.14550186502325158,1
2.1002777046302628,2.4187136063617203,1
-0.0612539189949205,1.6016181916497314,0
-0.21100279239233966,1.5647043311111566,0
-0.5264913849031225,1.4159409701395127,0
-0.3191073402690101,1.4858125881805142,0
-0.6194763603726992,1.3300541682783413,0
-2.784390494048421,-0.2817745609387554,0
-2.6854591012693194,-0.23431029440298468,0
1.3819088200166154,1.7908458094602393,1
0.3584729673383261,0.564648696024169,1
1.6158139620685328,1.2264810002958426,1
0.35661511660969536,2.038750247695522,0
-0.7267606171550275,1.1720101926734645,0
-0.11761624930123982,1.5031922193407394,0
-0.7791746536396273,1.002855079250776,0
-0.06488286242826202,0.0472120707471515,1
1.7654735710207805,1.1363941051491238,1
-1.4101626431859746,0.8679460476614572,0
0.15372976280365913,1.8651986730926013,0
-0.34993281320953873,-0.8202577788459955,1
0.8399552761046538,0.33344710019757595,1
-2.744565355638952,-0.22230247610361253,0
-1.2624310474028448,0.8339766207439885,0
-1.7903657648198683,0.41054427870779187,0
1.0789172480485143,1.8214801755070542,1
-0.01626103934077583,1.795951933656395,0
1.0574811700389817,1.2547871297730118,1
1.4208122361750957,1.351664472119297,1
-0.2893420017626056,-0.2696382121293568,1
-0.19273484878534708,1.609976610679655,0
1.856161104217805,1.6401075688779416,1
1.175371711668036,1.3955977002593671,1
-0.2563462262507179,-0.37002034836724085,1
0.46003821479933027,1.9110030225162573,0
-1.9550520465614611,0.21493797037603368,0
-1.0535963301128521,0.875667053996871,0
-0.5072541601967525,1.3462180827233485,0
-1.3339203112030928,0.7916037358952301,0
1.7191919590338816,1.935628973270842,1
0.9863553806876195,0.8955259939958788,1
0.6825495077871447,-0.2587792617370559,1
-0.8344425784343983,-0.08330221118093606,1
-1.2880714089543224,0.9222604175473602,0
-1.3534354212055222,0.7423750593576335,0
-0.5649023099657526,-0.4447157539520801,1
1.4374525654234391,1.7574033186124307,1
2.045993134098309,0.7489580719117488,1
1.0160585200392591,1.5965999825001622,1
-0.15437612065495676,0.2556555755804548,1
-1.8966875394229943,0.42557966729721564,0
0.011362204387956876,0.04316249668209737,1
0.5449839212705627,0.9684923164101541,1
1.521753931894154,2.3796361620066695,1
2.9659867483488913,2.9938365146351007,1
1.430080465405306,1.2782885711967107,1
0.2045285436072597,0.22630622667661804,1
-1.2755298394361971,0.7560229829841798,0
-2.181922616223029,0.2906808314763195,0
0.8360699656151379,0.9207167357677127,1
2.9996746759018027,3.4271221932576754,1
-2.6373470355485473,-0.18454485561592415,0
-2.126137790641166,0.3090716626281571,0
2.1391015146072103,2.838436648616603,1
-0.2517675047212613,0.5510188948820143,1
-1.5867084757527288,0.5777481829717979,0
-0.18613506555943915,1.5422858863717672,0
0.7600476654756022,1.0532095636622787,1
-0.15875365009195397,0.35432753774406345,1
1.5991721732367579,1.8411282628369545,1
-2.0503263240806877,0.30349260891709207,0
1.5238446523486813,0.25043209009775214,1
-0.15204733305715656,1.5267813338553449,0
0.9765032577018908,2.3502317604372225,0
-0.10476286510371058,1.7537069167477202,0
1.3106452527273467,1.9968560011944323,1
1.154296571862597,0.720392025505374,1
-0.5821442296409445,1.2616518690589542,0
-0.21795579537307475,1.5170999831344099,0
1.094956272522329,0.5613043175732606,1
2.2984760392136283,1.7931443351728782,1
-2.544085257740847,-0.2741547195117875,0
-0.25411778600593726,1.3981126521336313,0
0.27088489097427615,-0.543262029527531,1
1.9435455718265446,1.5477732019153745,1
1.3330207609773956,0.9333245157644146,1
0.629417362650595,2.0280069546107,0
1.7777890953531208,2.9440761097806734,0
-2.51637369689674,-0.03884146512431297,0
-0.2869646767407612,-0.11046831029127269,1
1.1489939850060935,1.767855234239398,1
0.060242458962175505,1.9484656081023835,0
-0.8947412711537452,1.1066662299312013,0
-0.5073597990772121,1.333044771392263,0
-0.3604332958515012,1.3449633857921266,0
0.032060260879168245,0.6220794898487408,1
2.45162350444043,2.260444971638813,1
-0.8983065242360885,1.0276045465605947,0
2.758221051360314,2.302188355402424,1
-1.9870093298198483,0.28350700626777725,1
-1.4976376874943509,0.7095338408384881,0
-2.2169910862244064,-0.00991117285062737,0
2.4931846570422413,1.4196004879755901,1
1.0823209914085117,1.5589790702846154,1
-1.8186170006426412,0.39894741457482674,0
-0.7748152725089781,1.1983210447702963,0
0.8268989298461695,0.640883435951911,1
0.6266293984378764,2.139057930106844,0
0.5871759387742135,0.8449145940586462,1
-0.5045946988404049,1.3534792227680357,0
3.361023425567935,3.5728786694336265,1
0.7327410771842215,2.249399443722894,0
0.4943125489191882,2.064642300504045,0
0.0534088567086759,-0.3031998517095067,1
-1.8012512042265818,0.37005449589564254,0
0.6429931611444826,0.29728215312895057,1
-1.234219453161884,0.7925050215870181,0
-2.4885805658396274,-0.1670468033629786,0
0.6663516163410599,0.9471316612893892,1
0.10148113784366863,1.6866030421144251,0
-1.486749410670082,0.6576151624351876,0
-3.5364719454275186,-0.7577451390506249,0
1.3457217040113347,1.0523480705175094,1
1.1535096036502357,0.6618216566074193,1
0.2253625933458221,1.865843322123477,0
-0.8335442010306233,1.1396887278333456,0
2.453085297816098,1.9691199324520765,1
0.30874837712730463,-0.248589679803078,1
0.07089046220677775,0.29528919688343347,1
1.3695233907116688,1.4314843114700122,1
-1.5719995287924164,0.5436146159601839,0
-0.322299103291247,1.6339590666449606,0
-0.74454905611846,-0.5284176067017827,1
-2.5667611766298073,-0.08339187198638043,0
1.8630685951973134,2.1736208313298824,1
-0.4389312392848156,1.4088813641137874,0
-3.213756029760781,-0.671272807692709,0
1.2046000672732717,1.7112943191666536,1
-3.164366465276042,-0.5779139857021405,0
1.3234719562573627,2.654738377237404,0
-1.1102694987863957,0.865346287323416,0
-1.5701566943472196,-1.2886782953497753,1
0.20651751749434022,1.1894686381735005,1
1.3590300307906507,2.5770482460305386,0
-1.650631121051198,0.49447049092880013,0
1.0360194544407364,1.8276357660522045,1
1.6057502564039638,1.822093740394219,1
0.017373740392875536,1.6804916095447864,0
1.7657060522427326,2.209958067889386,1
-2.3218470099200514,0.06820449701178033,0
-1.0804640034814659,-1.4593446485652977,1
-0.5757712164420543,1.2151935219319387,0
0.5544045099710238,2.064460616695052,0
-0.32273641326396796,1.4227252319047707,0
0.6011507065391226,2.1069414549645713,0
0.6117174635544924,0.8733178940713439,1
0.49371404160596,0.4764112989562356,1
-1.3078429072659756,0.7369970784819246,0
-1.0013526072043255,0.9137767683059916,0
1.9268014327551337,1.780346289623407,1
-1.7186120852471056,0.5418666303248856,0
-2.371105018505678,0.08641743727928297,0
-1.5381943230442212,0.7139284727121237,0
0.9018288247539512,2.2800290711735,0
-2.0953274489658904,0.3026048427920792,0
2.1466750269610375,1.555372009143704,1
0.00816727383149396,1.7257301550298567,0
-1.6197316908117494,0.46312555237205544,0
-1.484619348245478,0.6130841611079494,0
-2.1918295243659554,0.30464297618733704,0
0.4194575901334585,1.9272252747383205,0
1.5082406063930056,1.2434156090566286,1
-1.544133426601943,0.6048382601079147,0
-2.069981443439673,0.19207408707364027,0
0.5036788924101363,-0.045749986014790966,1
2.8144334122708976,2.358481264716675,1
1.3930734984052395,1.2571999297805279,1
-0.8662306395422446,1.1248275397777443,0
-2.936323480626329,-0.3841503194566447,0
-1.3713256753176972,0.6773341691477301,0
0.9589993178482354,0.8003948943734418,1
0.6752747573240687,1.0917035505973987,1
0.5491809235349142,1.1735187590956362,1
-1.2324882975973317,-1.1998641940311061,1
-1.6744092015431158,0.4805243143074912,0
2.6375772391788095,2.6364510926408036,1
2.7842888405188413,1.8788546052259159,1
0.19887169102577218,0.37987226340810987,1
-3.617767891980543,-1.0376798159566607,0
-0.5798588859718601,1.105239499169545,0
1.481991004675189,1.3674946358762523,1
-2.930053037766147,-0.3419771194716481,0
-2.263570243553354,0.25775006256635313,0
-0.30481497731056617,1.2406608455354353,1
1.6986099235973755,2.0085515532575755,1
1.7318069701920884,1.6899480490275978,1
1.5286917344430861,1.1244971059036115,1
-0.9043561643233327,-1.3188166431943125,1
-0.7128204474425854,1.2963627600473084,0
1.0220507925471993,0.8548250223316951,1
-0.7651430468984775,1.11465771594895,0
1.211474112484415,0.8069534539068087,1
-0.5182168496141168,1.4290083830926839,0
-0.6978689914213576,-0.6044122514901689,1
-1.4046016867079973,0.6903597368429247,0
-1.1101119098589334,0.8770611337742017,0
0.5119504777336958,2.0442480047232845,0
-2.734921298400799,-0.18431446239846627,0
-3.3969239397664928,-0.6966020868201259,0
0.8069912460538609,2.4241060445463685,0
-1.3463678890056705,0.7456644990521182,0
0.5959324840795378,1.6503749395314244,1
2.443509686185445,1.907246797200861,1
-0.253720226306814,1.5584121545930234,0
-0.49403296077196013,1.384899033136357,0
0.23533765915974914,1.8948937842460125,0
0.6789963690601571,0.7188928850046428,1
-2.616219729175102,0.039653774454798785,0
-1.1503318847144761,0.834476008214559,0
2.7435103761311845,2.786431186973016,1
2.0707163418677554,1.7262079099972196,1
1.0078771854388417,0.7171198805289015,1
0.9027949188956527,1.115300051649535,1
1.2057755641764032,1.43689981558505,1
1.8381696653156192,3.0510069482577613,0
1.1440546792479056,2.4317843992854167,0
2.0855861305062637,2.2950686258598325,1
0.5142194847901824,2.1921067111391777,0
-2.900511114376063,-0.4223790726604555,0
0.19850888223685192,1.8638280453272016,0
2.09487268138237,2.599093885482344,1
1.363549546984195,1.4205745279572575,1
-0.8476873045407596,1.0376669282058546,0
-0.6373142770491342,-1.9544624734206448,1
3.1195611051856016,2.839233470836627,1
-0.7588390251648237,1.1381568466318703,0
1.0416451725477183,0.03635451867439943,1
-1.3273913141846012,0.8498927073019242,0
-0.4067290718071581,-0.1783457025995916,1
0.5724656512016317,0.13940508080865777,1
-0.845651418128825,1.092431482687498,0
-2.5700040680404204,-0.1515825878258068,0
2.550384853638487,2.581229201679788,1
0.4863818342187862,1.918639707093749,0
-0.46006495348726095,-0.5339831160182431,1
-1.5004659306923358,0.5546523543037587,0
-1.6106069456535985,0.5641191119824971,0
1.935847249036995,1.7374152181648836,1
-0.5984982081060836,1.2656528508150722,0
2.547178840608547,2.6117736077771876,1
-0.8739707540504998,1.1697214010145345,0
0.17294380012064936,0.7881850539213309,1
-2.609631441465292,-0.13982194675550463,0
2.7538782506880803,1.7115137718986433,1
1.1018086615967941,0.3545549088842225,1
-1.3934461757406311,0.6502220482301755,0
-1.4683087312414145,0.5651297007849692,0
2.743979002734195,2.798071879900775,1
-0.5701736199646278,1.4247654196863464,0
-0.4083233392676704,-0.1821163159213448,1
0.9499581606487948,1.513044819909119,1
1.1502936340892247,0.49291106092262815,1
-0.632933275937019,-0.6521740608998083,1
1.0573361311424914,2.4087347363942606,0
1.902703685992464,2.2297329517468105,1
-0.1383061248200903,-0.2269475739943605,1
-0.9976017829493167,0.32516624892514256,1
-0.17909140573614546,1.5759858674924854,0
-0.7485121991490817,1.2024245613993525,0
0.27495262387956476,2.0188202174417196,0
-3.070633145174818,-0.3576824038142814,0
-0.717361006351171,1.2301614025125196,0
-0.2890218640979817,1.4240576119195683,0
2.0687990757149812,1.9040241160597062,1
0.7973164804539816,1.196815542610508,1
1.4275242560089023,1.1157199531499906,1
1.3474274591290942,1.361712240830411,1
-1.3654659922637522,0.6500168388551344,0
0.17957409316434103,0.5816440078041469,1
-1.619454163273999,0.5988600844911753,0
1.6241195410267961,1.9392373942672907,1
-1.60191892659057,0.4915503965853505,0
0.4868155662087077,-0.32694978508191497,1
0.28969971151154916,0.0067103384697424495,1
-1.3691238773622447,-0.47800128983803525,1
-1.6529784057674861,0.557309794163751,0
0.8492364223715416,2.4159491813809524,0
-0.40519110048409046,1.4170951656756328,0
-0.9339851946054893,1.0040033379532363,0
-1.8726936061470614,0.4322429613894856,0
-1.5363650422739137,0.5304687081711046,0
2.2859505524926425,2.3818108654156385,1
-0.18766800922613625,1.6849624477919192,0
-0.6512525320116528,1.2385000263106316,0
2.251724929707837,2.258657875324125,1
0.9743798181527779,2.4541957270369847,0
1.3485588608958947,2.7385847162549126,0
1.4193671866368816,1.7030102394775088,1
1.879110486558396,1.2305274405789994,1
-2.3844281233812614,0.0064948561032401875,0
0.41856154743688423,1.8485822991710896,0
-0.312852203397038,1.3870227927650929,0
2.2986801942979445,2.3322091358552766,1
0.1595353182378778,1.8151084845968153,0
-0.1981278602820682,0.4693505122825157,1
-0.1248053504742519,1.5970171155831707,0
1.6628911787871217,0.8162505049662806,1
2.6482375902062443,2.265661958553646,1
0.271525676653133,-0.5208566790644851,1
-0.060967856099336526,1.8850794223204084,0
-0.3235005493506602,0.5315274384670576,1
0.14884314092623618,-0.04334353354853793,1
-0.7906277112006257,1.1467635286626048,0
0.4455741007731726,2.014561130218305,0
1.487244648178762,1.6729892117404486,1
0.7883162512099646,0.7931905199145852,1
-3.5982910315448198,-0.8523520594719485,0
0.8271178560008376,0.9790569076255746,1
1.46123233218202,1.815167697524275,1
-1.4965785034860393,0.6490533870966267,0
-0.8081256850332876,-0.1678143848199689,1
0.7004437171926761,2.1353364737984606,0
0.823420786339109,2.3029238273964996,0
0.9047278303518634,0.8505969767680486,1
-0.42915622784593277,1.4374298132841004,0
-0.43944519164835283,0.15733982140231495,1
-1.2997427912594628,0.7426860766830758,0
2.045514043447306,2.407691495120546,1
1.8287027070993416,2.0372155498502007,1
0.4990731393619351,0.375867720554248,1
0.5216321590145543,2.0780769971608253,0
0.04803422156262371,1.7749559735987612,0
1.1619072179741328,1.1694106045294554,1
-0.46551218230483027,1.3080409685384775,0
-1.3405045544076155,0.8642636748360011,0
1.479013361223735,1.3537585839991282,1
-2.652832572865069,-0.01722271453334101,0
-1.0158943382452472,1.2569647937803567,0
1.5857591353168141,1.3373958417475953,1
2.045238514348381,1.8798588212831033,1
0.8243641355136653,0.3958880642317957,1
1.4641383977104936,2.8516188059140037,0
-0.42381362478667695,1.4680767023260155,0
1.444183928751163,2.2524401269700762,1
1.5162705051394285,1.2537674451111993,1
-3.3220084406696078,-0.5408898888597407,0
0.8219791063967316,0.6142673529655978,1
0.4807955952803551,0.5625815601100135,1
1.4186759970950167,0.27668776960260244,1
-3.311035539856273,-0.7802700423218711,0
0.624705714111222,2.4518090767669145,0
-0.4703893771717751,-0.74245572438064,1
0.7180017847532745,0.7223251171579066,1
0.5216430841725609,-0.5467786660135241,1
-1.1684467531307579,0.8174805872605093,0
-1.74278566121634,0.5212977978546705,0
1.4456905629701673,1.1861779822852943,1
2.4342647871035785,1.9985736591353176,1
2.29638362035573,2.266753876090969,1
-1.5389860682683807,0.5946238550136558,0
-0.7178573642979789,0.49461435017001754,1
1.0287034233729084,1.233045629588243,1
-0.9675441493011001,0.893732023593365,0
-1.5534534429031277,0.597200255069747,0
0.8733091438812337,1.0121296990761919,1
0.35246058815200665,1.9949152631406157,0
0.7037342721405011,0.45090343592279636,1
0.5303273910847616,1.00639597450549,1
-0.12774961876511348,0.31379832317261624,1
1.068217917345264,1.9454682566575623,1
-1.00828810644691,1.034984724909426,0
0.8198442852327317,1.240513853947149,1
1.2761829793348674,1.8305578675636134,1
1.5092193804397533,2.747184786386909,0
-1.968863105699099,0.3619007532729771,0
0.5677380497427683,0.731791690841803,1
-1.8566302439542386,0.5158170315966927,0
-1.5462078905787422,0.499019366118713,0
-0.8688569395151111,1.1836135405673156,0
-0.38676619374012344,-0.32481667533639214,1
-1.5865467724265065,0.5638099506689753,0
0.8525879526217017,1.0541655806737584,1
-1.1289970796000626,0.8752083759535889,0
1.8700644060799836,1.6740093723410365,1
1.2854758749148765,1.4310902625169226,1
0.5676994313161396,0.722941690251956,1
-1.6405258115983297,0.6833493046932071,0
1.6680138349263545,2.2029610457394284,1
1.822477154276085,1.6664956839551985,1
0.2362897308899491,1.2126035915148443,1
-0.6185586946566315,1.2348958917588653,0
-1.4238713445829974,0.7079866664112746,0
1.2064168040987218,2.711326341476945,0
-0.006051389204751789,1.0234415887518016,1
-1.23470653113468,0.7761164537456535,0
-2.6970553505514436,-0.17624653421945657,0
-0.3733261853286305,-0.2819587155331784,1
-1.2929014964725203,0.8364104172060908,0
1.610690539371192,2.2250429271313936,1
